,1. Ваш возраст,2. Ваш пол,3. Как долго вы пользуетесь (или пользовались) сервисами знакомств?,4. Вы студент?,5. Опишите ваш вид занятости,6. Ваш примерный ежемесячный доход,7. Ваш город проживания,8. Сколько у вас было романтических партнёров за жизнь (отношений в настоящем или прошлом)?,9. Каково ваше отношение к алкоголю?,10. Каково ваше отношение к курению (в том числе электронных сигарет)?,"11. Как часто ходите в бары, клубы, на «тусовки» либо в похожие увеселительные места?",12. Вы считаете себя ближе к …,"Оцените, пожалуйста, каждое утверждение [Слишком много профилей в сервисах знакомств — фейковые или создаются мошенниками]","Оцените, пожалуйста, каждое утверждение [Я регулярно сталкиваюсь в приложениях с ботами и поддельными аккаунтами]","Оцените, пожалуйста, каждое утверждение [Существующие сервисы знакомств недостаточно эффективно проверяют подлинность пользователей]","Оцените, пожалуйста, каждое утверждение [В приложениях для знакомств довольно сложно назначить реальную встречу]","Оцените, пожалуйста, каждое утверждение [Большинство диалогов в сервисах знакомств не приводят к живому знакомству]","Оцените, пожалуйста, каждое утверждение [Я часто встречаю людей с несерьёзными намерениями, которых тяжело «вытащить» дальше переписки]","Оцените, пожалуйста, каждое утверждение [Профили в сервисах знакомств редко отражают настоящую личность человека]","Оцените, пожалуйста, каждое утверждение [В приложениях слишком мало людей, с кем действительно «по душе»]","Оцените, пожалуйста, каждое утверждение [Сервисы знакомств — отличный выбор, чтобы легко найти человека с совпадающими характером и жизненными ценностями]","Оцените, пожалуйста, каждое утверждение [Мои друзья и знакомые скептически или несерьёзно относятся к сервисам знакомств]","Оцените, пожалуйста, каждое утверждение [Я сомневаюсь в прозрачности и честности политики сервисов знакомств в РФ (конфиденциальность, сбор данных)]","Оцените, пожалуйста, каждое утверждение [Я считаю, что популярные дейтинг-сервисы действительно следуют своей миссии: помогать людям найти идеального партнёра]","Оцените, пожалуйста, каждое утверждение [Я подозреваю, что алгоритмы мэтчинга анкет созданы так, чтобы заставить меня надолго «зависнуть» в приложении и просмотреть как можно больше анкет]"
0,19,Мужской,Менее месяца,"Да, бакалавриат",Работаю в частной компании,50 000—100 000 ₽,Москва,1–2,Употребляю 1–2 раза в неделю,Курю иногда,Несколько раз в месяц,Амбивертам,4 — скорее согласен,5 — абсолютно согласен,4 — скорее согласен,5 — абсолютно согласен,5 — абсолютно согласен,4 — скорее согласен,5 — абсолютно согласен,5 — абсолютно согласен,2 — скорее не согласен,4 — скорее согласен,2 — скорее не согласен,2 — скорее не согласен,5 — абсолютно согласен
1,21,Женский,1–6 месяцев,"Да, бакалавриат",Работаю в частной компании,100 000—200 000 ₽,Москва,1–2,Употребляю 1 раз в месяц и реже,Не курю,Вообще не хожу,Интровертам,2 — скорее не согласен,1 — абсолютно не согласен,2 — скорее не согласен,2 — скорее не согласен,5 — абсолютно согласен,5 — абсолютно согласен,5 — абсолютно согласен,5 — абсолютно согласен,3 — нейтрально,4 — скорее согласен,2 — скорее не согласен,4 — скорее согласен,2 — скорее не согласен
2,19,Мужской,Менее месяца,"Да, бакалавриат",Работаю в частной компании,100 000—200 000 ₽,Москва,1–2,Употребляю несколько раз в месяц,Не курю,1 раз в месяц и реже,Амбивертам,2 — скорее не согласен,2 — скорее не согласен,2 — скорее не согласен,4 — скорее согласен,4 — скорее согласен,3 — нейтрально,2 — скорее не согласен,4 — скорее согласен,2 — скорее не согласен,2 — скорее не согласен,1 — абсолютно не согласен,1 — абсолютно не согласен,4 — скорее согласен
3,18,Женский,1–6 месяцев,"Да, бакалавриат",Работаю на себя,10 000 ₽—50 000 ₽,Москва,1–2,Употребляю несколько раз в месяц,Не курю,1 раз в месяц и реже,Амбивертам,2 — скорее не согласен,1 — абсолютно не согласен,3 — нейтрально,3 — нейтрально,5 — абсолютно согласен,5 — абсолютно согласен,4 — скорее согласен,4 — скорее согласен,1 — абсолютно не согласен,3 — нейтрально,1 — абсолютно не согласен,3 — нейтрально,4 — скорее согласен
4,20,Женский,1–6 месяцев,"Да, бакалавриат",Работаю в частной компании,50 000—100 000 ₽,Москва,1–2,Употребляю 1–2 раза в неделю,Бросаю / бросил,Несколько раз в месяц,Амбивертам,3 — нейтрально,3 — нейтрально,3 — нейтрально,5 — абсолютно согласен,5 — абсолютно согласен,5 — абсолютно согласен,4 — скорее согласен,4 — скорее согласен,1 — абсолютно не согласен,4 — скорее согласен,5 — абсолютно согласен,2 — скорее не согласен,5 — абсолютно согласен
5,22,Мужской,6–12 месяцев,"Да, бакалавриат",Работаю на себя,10 000 ₽—50 000 ₽,Москва,3 и более,Употребляю 3+ раз в неделю,Бросаю / бросил,3+ раза в неделю,Интровертам,4 — скорее согласен,5 — абсолютно согласен,3 — нейтрально,1 — абсолютно не согласен,1 — абсолютно не согласен,1 — абсолютно не согласен,5 — абсолютно согласен,5 — абсолютно согласен,3 — нейтрально,5 — абсолютно согласен,1 — абсолютно не согласен,2 — скорее не согласен,5 — абсолютно согласен
6,18,Женский,Не пользовался никогда,"Да, бакалавриат",Работаю в частной компании,10 000 ₽—50 000 ₽,Другое,0,Употребляю 1 раз в месяц и реже,Не курю,1 раз в месяц и реже,Амбивертам,,,,,,,,,,,,,
7,19,Мужской,Более года,"Да, бакалавриат",Работаю в частной компании,100 000—200 000 ₽,Москва,3 и более,Употребляю 3+ раз в неделю,Курю ежедневно,3+ раза в неделю,Амбивертам,1 — абсолютно не согласен,1 — абсолютно не согласен,1 — абсолютно не согласен,2 — скорее не согласен,3 — нейтрально,2 — скорее не согласен,5 — абсолютно согласен,4 — скорее согласен,2 — скорее не согласен,2 — скорее не согласен,2 — скорее не согласен,4 — скорее согласен,3 — нейтрально
8,21,Мужской,Менее месяца,Нет,Работаю на себя,50 000—100 000 ₽,Москва,3 и более,Употребляю 1–2 раза в неделю,Курю иногда,Несколько раз в месяц,Экстравертам,3 — нейтрально,2 — скорее не согласен,2 — скорее не согласен,4 — скорее согласен,4 — скорее согласен,4 — скорее согласен,2 — скорее не согласен,5 — абсолютно согласен,2 — скорее не согласен,4 — скорее согласен,3 — нейтрально,2 — скорее не согласен,4 — скорее согласен
9,19,Женский,Менее месяца,"Да, бакалавриат",Не работаю,50 000—100 000 ₽,Москва,0,Не употребляю,Не курю,1 раз в месяц и реже,Интровертам,3 — нейтрально,2 — скорее не согласен,2 — скорее не согласен,4 — скорее согласен,5 — абсолютно согласен,4 — скорее согласен,5 — абсолютно согласен,4 — скорее согласен,1 — абсолютно не согласен,4 — скорее согласен,4 — скорее согласен,2 — скорее не согласен,4 — скорее согласен
10,19,Женский,1–6 месяцев,"Да, бакалавриат",Работаю в частной компании,10 000 ₽—50 000 ₽,Москва,3 и более,Употребляю 3+ раз в неделю,Курю ежедневно,1 раз в месяц и реже,Амбивертам,2 — скорее не согласен,4 — скорее согласен,3 — нейтрально,2 — скорее не согласен,5 — абсолютно согласен,3 — нейтрально,5 — абсолютно согласен,5 — абсолютно согласен,1 — абсолютно не согласен,3 — нейтрально,2 — скорее не согласен,5 — абсолютно согласен,1 — абсолютно не согласен
11,32,Мужской,6–12 месяцев,Нет,Работаю в частной компании,100 000—200 000 ₽,Москва,1–2,Употребляю несколько раз в месяц,Курю иногда,1–2 раза в неделю,Экстравертам,4 — скорее согласен,4 — скорее согласен,5 — абсолютно согласен,2 — скорее не согласен,4 — скорее согласен,5 — абсолютно согласен,2 — скорее не согласен,3 — нейтрально,1 — абсолютно не согласен,3 — нейтрально,5 — абсолютно согласен,2 — скорее не согласен,5 — абсолютно согласен
12,20,Женский,Не пользовался никогда,"Да, бакалавриат",Работаю на себя,До 10 000 ₽,Москва,0,Не употребляю,Не курю,Вообще не хожу,Амбивертам,,,,,,,,,,,,,
13,19,Мужской,Не пользовался никогда,"Да, бакалавриат",Не работаю,10 000 ₽—50 000 ₽,Москва,Предпочитаю не указывать,Употребляю несколько раз в месяц,Не курю,1 раз в месяц и реже,Интровертам,,,,,,,,,,,,,
14,22,Женский,Более года,"Да, бакалавриат",Работаю в частной компании,100 000—200 000 ₽,Москва,3 и более,Употребляю несколько раз в месяц,Бросаю / бросил,1 раз в месяц и реже,Интровертам,4 — скорее согласен,4 — скорее согласен,4 — скорее согласен,1 — абсолютно не согласен,5 — абсолютно согласен,3 — нейтрально,2 — скорее не согласен,3 — нейтрально,3 — нейтрально,2 — скорее не согласен,2 — скорее не согласен,1 — абсолютно не согласен,4 — скорее согласен
15,20,Мужской,Не пользовался никогда,"Да, бакалавриат",Работаю в частной компании,50 000—100 000 ₽,Москва,1–2,Употребляю 1–2 раза в неделю,Бросаю / бросил,1–2 раза в неделю,Экстравертам,,,,,,,,,,,,,
16,19,Мужской,6–12 месяцев,"Да, бакалавриат",Не работаю,До 10 000 ₽,Другое,1–2,Употребляю несколько раз в месяц,Не курю,1 раз в месяц и реже,Экстравертам,5 — абсолютно согласен,4 — скорее согласен,4 — скорее согласен,5 — абсолютно согласен,5 — абсолютно согласен,5 — абсолютно согласен,5 — абсолютно согласен,5 — абсолютно согласен,2 — скорее не согласен,2 — скорее не согласен,3 — нейтрально,1 — абсолютно не согласен,5 — абсолютно согласен
17,21,Женский,6–12 месяцев,"Да, бакалавриат",Не работаю,10 000 ₽—50 000 ₽,Москва,3 и более,Не употребляю,Не курю,1 раз в месяц и реже,Амбивертам,2 — скорее не согласен,2 — скорее не согласен,3 — нейтрально,2 — скорее не согласен,4 — скорее согласен,3 — нейтрально,4 — скорее согласен,4 — скорее согласен,1 — абсолютно не согласен,5 — абсолютно согласен,3 — нейтрально,1 — абсолютно не согласен,5 — абсолютно согласен
18,20,Женский,Менее месяца,"Да, бакалавриат",Не работаю,50 000—100 000 ₽,Другое,0,Употребляю 1–2 раза в неделю,Бросаю / бросил,1 раз в месяц и реже,Интровертам,2 — скорее не согласен,2 — скорее не согласен,1 — абсолютно не согласен,4 — скорее согласен,2 — скорее не согласен,3 — нейтрально,4 — скорее согласен,4 — скорее согласен,2 — скорее не согласен,2 — скорее не согласен,3 — нейтрально,2 — скорее не согласен,2 — скорее не согласен
19,20,Женский,Не пользовался никогда,"Да, бакалавриат",Не работаю,10 000 ₽—50 000 ₽,Москва,0,Употребляю 1 раз в месяц и реже,Не курю,Вообще не хожу,Интровертам,,,,,,,,,,,,,
20,19,Женский,Более года,"Да, бакалавриат",Работаю на себя,10 000 ₽—50 000 ₽,Москва,3 и более,Употребляю 1 раз в месяц и реже,Не курю,1 раз в месяц и реже,Интровертам,4 — скорее согласен,3 — нейтрально,2 — скорее не согласен,4 — скорее согласен,5 — абсолютно согласен,5 — абсолютно согласен,4 — скорее согласен,5 — абсолютно согласен,2 — скорее не согласен,3 — нейтрально,2 — скорее не согласен,1 — абсолютно не согласен,5 — абсолютно согласен
21,19,Женский,Не пользовался никогда,"Да, бакалавриат",Не работаю,До 10 000 ₽,Москва,1–2,Употребляю 1–2 раза в неделю,Курю ежедневно,Несколько раз в месяц,Амбивертам,,,,,,,,,,,,,
22,20,Женский,1–6 месяцев,"Да, бакалавриат",Работаю в частной компании,10 000 ₽—50 000 ₽,Москва,0,Употребляю 1 раз в месяц и реже,Не курю,1 раз в месяц и реже,Интровертам,2 — скорее не согласен,1 — абсолютно не согласен,3 — нейтрально,4 — скорее согласен,4 — скорее согласен,3 — нейтрально,2 — скорее не согласен,3 — нейтрально,3 — нейтрально,4 — скорее согласен,2 — скорее не согласен,2 — скорее не согласен,2 — скорее не согласен
23,20,Женский,Менее месяца,"Да, бакалавриат",Работаю на себя,50 000—100 000 ₽,Москва,3 и более,Употребляю 3+ раз в неделю,Курю ежедневно,Несколько раз в месяц,Интровертам,2 — скорее не согласен,2 — скорее не согласен,4 — скорее согласен,2 — скорее не согласен,2 — скорее не согласен,4 — скорее согласен,4 — скорее согласен,4 — скорее согласен,1 — абсолютно не согласен,4 — скорее согласен,4 — скорее согласен,3 — нейтрально,4 — скорее согласен
24,23,Женский,1–6 месяцев,"Да, магистратура / иное",Работаю в частной компании,100 000—200 000 ₽,Москва,1–2,Употребляю несколько раз в месяц,Бросаю / бросил,Несколько раз в месяц,Амбивертам,3 — нейтрально,3 — нейтрально,4 — скорее согласен,5 — абсолютно согласен,5 — абсолютно согласен,4 — скорее согласен,4 — скорее согласен,5 — абсолютно согласен,1 — абсолютно не согласен,4 — скорее согласен,3 — нейтрально,1 — абсолютно не согласен,5 — абсолютно согласен
25,20,Мужской,Не пользовался никогда,"Да, бакалавриат",Работаю в частной компании,10 000 ₽—50 000 ₽,Москва,3 и более,Употребляю 1–2 раза в неделю,Не курю,Вообще не хожу,Амбивертам,,,,,,,,,,,,,
26,20,Женский,Менее месяца,"Да, бакалавриат",Работаю в частной компании,50 000—100 000 ₽,Москва,1–2,Употребляю несколько раз в месяц,Курю иногда,1 раз в месяц и реже,Амбивертам,3 — нейтрально,4 — скорее согласен,3 — нейтрально,4 — скорее согласен,5 — абсолютно согласен,5 — абсолютно согласен,3 — нейтрально,4 — скорее согласен,2 — скорее не согласен,2 — скорее не согласен,4 — скорее согласен,2 — скорее не согласен,5 — абсолютно согласен
27,41,Женский,Более года,Нет,Не работаю,50 000—100 000 ₽,Москва,3 и более,Употребляю 1–2 раза в неделю,Курю ежедневно,Вообще не хожу,Интровертам,4 — скорее согласен,4 — скорее согласен,5 — абсолютно согласен,4 — скорее согласен,5 — абсолютно согласен,3 — нейтрально,3 — нейтрально,2 — скорее не согласен,2 — скорее не согласен,4 — скорее согласен,3 — нейтрально,2 — скорее не согласен,2 — скорее не согласен
28,20,Женский,Менее месяца,"Да, бакалавриат",Работаю на себя,10 000 ₽—50 000 ₽,Москва,0,Употребляю несколько раз в месяц,Не курю,1 раз в месяц и реже,Амбивертам,2 — скорее не согласен,2 — скорее не согласен,3 — нейтрально,4 — скорее согласен,5 — абсолютно согласен,3 — нейтрально,3 — нейтрально,5 — абсолютно согласен,1 — абсолютно не согласен,4 — скорее согласен,2 — скорее не согласен,3 — нейтрально,4 — скорее согласен
29,26,Мужской,Не пользовался никогда,Нет,Работаю на себя,Более 200 000 ₽,Москва,1–2,Употребляю 1 раз в месяц и реже,Не курю,Несколько раз в месяц,Интровертам,,,,,,,,,,,,,
30,19,Женский,Не пользовался никогда,"Да, бакалавриат",Работаю на себя,10 000 ₽—50 000 ₽,Москва,1–2,Употребляю несколько раз в месяц,Не курю,1 раз в месяц и реже,Интровертам,,,,,,,,,,,,,
31,20,Женский,Менее месяца,"Да, бакалавриат",Не работаю,10 000 ₽—50 000 ₽,Москва,1–2,Употребляю 1 раз в месяц и реже,Бросаю / бросил,Вообще не хожу,Амбивертам,4 — скорее согласен,3 — нейтрально,4 — скорее согласен,4 — скорее согласен,4 — скорее согласен,4 — скорее согласен,5 — абсолютно согласен,3 — нейтрально,3 — нейтрально,5 — абсолютно согласен,3 — нейтрально,2 — скорее не согласен,4 — скорее согласен
32,19,Женский,Не пользовался никогда,"Да, бакалавриат",Не работаю,10 000 ₽—50 000 ₽,Москва,0,Не употребляю,Не курю,Вообще не хожу,Интровертам,,,,,,,,,,,,,
33,16,Женский,Не пользовался никогда,Нет,Не работаю,До 10 000 ₽,Москва,0,Употребляю 1 раз в месяц и реже,Не курю,Вообще не хожу,Экстравертам,,,,,,,,,,,,,
34,18,Женский,Менее месяца,"Да, бакалавриат",Не работаю,До 10 000 ₽,Москва,0,Употребляю несколько раз в месяц,Не курю,1 раз в месяц и реже,Амбивертам,3 — нейтрально,2 — скорее не согласен,4 — скорее согласен,3 — нейтрально,4 — скорее согласен,4 — скорее согласен,3 — нейтрально,5 — абсолютно согласен,2 — скорее не согласен,5 — абсолютно согласен,4 — скорее согласен,2 — скорее не согласен,4 — скорее согласен
35,19,Женский,Менее месяца,"Да, бакалавриат",Не работаю,10 000 ₽—50 000 ₽,Москва,0,Не употребляю,Не курю,1 раз в месяц и реже,Амбивертам,2 — скорее не согласен,5 — абсолютно согласен,3 — нейтрально,4 — скорее согласен,5 — абсолютно согласен,5 — абсолютно согласен,3 — нейтрально,4 — скорее согласен,3 — нейтрально,3 — нейтрально,3 — нейтрально,3 — нейтрально,2 — скорее не согласен
36,19,Мужской,1–6 месяцев,"Да, бакалавриат",Не работаю,До 10 000 ₽,Москва,0,Употребляю несколько раз в месяц,Не курю,1 раз в месяц и реже,Амбивертам,4 — скорее согласен,3 — нейтрально,4 — скорее согласен,2 — скорее не согласен,4 — скорее согласен,4 — скорее согласен,4 — скорее согласен,4 — скорее согласен,4 — скорее согласен,4 — скорее согласен,4 — скорее согласен,4 — скорее согласен,4 — скорее согласен
37,19,Женский,Не пользовался никогда,"Да, бакалавриат",Не работаю,До 10 000 ₽,Москва,Предпочитаю не указывать,Употребляю 1 раз в месяц и реже,Не курю,1 раз в месяц и реже,Экстравертам,,,,,,,,,,,,,
38,19,Женский,Не пользовался никогда,"Да, бакалавриат",Не работаю,50 000—100 000 ₽,Москва,0,Не употребляю,Не курю,Вообще не хожу,Экстравертам,,,,,,,,,,,,,
39,19,Женский,Не пользовался никогда,"Да, бакалавриат",Работаю в частной компании,10 000 ₽—50 000 ₽,Москва,1–2,Употребляю несколько раз в месяц,Курю ежедневно,1 раз в месяц и реже,Интровертам,,,,,,,,,,,,,
40,21,Женский,Не пользовался никогда,"Да, бакалавриат",Не работаю,10 000 ₽—50 000 ₽,Москва,1–2,Не употребляю,Не курю,Вообще не хожу,Амбивертам,,,,,,,,,,,,,
41,42,Мужской,Не пользовался никогда,Нет,Не работаю,До 10 000 ₽,Москва,3 и более,Не употребляю,Не курю,Вообще не хожу,Интровертам,,,,,,,,,,,,,
42,20,Женский,Не пользовался никогда,"Да, бакалавриат",Работаю на себя,До 10 000 ₽,Москва,0,Не употребляю,Не курю,Вообще не хожу,Амбивертам,,,,,,,,,,,,,
43,20,Женский,Менее месяца,"Да, бакалавриат",Работаю на себя,До 10 000 ₽,Москва,0,Не употребляю,Не курю,Вообще не хожу,Амбивертам,3 — нейтрально,2 — скорее не согласен,4 — скорее согласен,2 — скорее не согласен,2 — скорее не согласен,2 — скорее не согласен,2 — скорее не согласен,3 — нейтрально,4 — скорее согласен,5 — абсолютно согласен,2 — скорее не согласен,2 — скорее не согласен,2 — скорее не согласен
44,19,Женский,Менее месяца,"Да, бакалавриат",Не работаю,50 000—100 000 ₽,Москва,3 и более,Не употребляю,Не курю,Вообще не хожу,Интровертам,2 — скорее не согласен,1 — абсолютно не согласен,3 — нейтрально,5 — абсолютно согласен,5 — абсолютно согласен,4 — скорее согласен,5 — абсолютно согласен,3 — нейтрально,1 — абсолютно не согласен,4 — скорее согласен,5 — абсолютно согласен,2 — скорее не согласен,5 — абсолютно согласен
45,20,Женский,1–6 месяцев,"Да, бакалавриат",Не работаю,До 10 000 ₽,Москва,1–2,Не употребляю,Не курю,1 раз в месяц и реже,Экстравертам,5 — абсолютно согласен,5 — абсолютно согласен,5 — абсолютно согласен,5 — абсолютно согласен,4 — скорее согласен,3 — нейтрально,2 — скорее не согласен,4 — скорее согласен,2 — скорее не согласен,5 — абсолютно согласен,2 — скорее не согласен,2 — скорее не согласен,5 — абсолютно согласен
46,18,Женский,1–6 месяцев,"Да, бакалавриат",Не работаю,10 000 ₽—50 000 ₽,Москва,0,Не употребляю,Не курю,Вообще не хожу,Интровертам,3 — нейтрально,2 — скорее не согласен,5 — абсолютно согласен,4 — скорее согласен,3 — нейтрально,5 — абсолютно согласен,3 — нейтрально,4 — скорее согласен,2 — скорее не согласен,2 — скорее не согласен,3 — нейтрально,4 — скорее согласен,2 — скорее не согласен
47,20,Женский,Не пользовался никогда,"Да, бакалавриат",Не работаю,До 10 000 ₽,Москва,1–2,Употребляю несколько раз в месяц,Курю иногда,Вообще не хожу,Амбивертам,,,,,,,,,,,,,
48,20,Мужской,Более года,"Да, бакалавриат",Не работаю,10 000 ₽—50 000 ₽,Москва,0,Употребляю 1 раз в месяц и реже,Не курю,1 раз в месяц и реже,Интровертам,2 — скорее не согласен,2 — скорее не согласен,2 — скорее не согласен,4 — скорее согласен,4 — скорее согласен,4 — скорее согласен,4 — скорее согласен,5 — абсолютно согласен,2 — скорее не согласен,5 — абсолютно согласен,3 — нейтрально,2 — скорее не согласен,4 — скорее согласен
49,19,Мужской,1–6 месяцев,"Да, бакалавриат",Работаю на себя,100 000—200 000 ₽,Москва,1–2,Употребляю несколько раз в месяц,Не курю,1 раз в месяц и реже,Интровертам,3 — нейтрально,1 — абсолютно не согласен,3 — нейтрально,4 — скорее согласен,4 — скорее согласен,4 — скорее согласен,4 — скорее согласен,4 — скорее согласен,2 — скорее не согласен,4 — скорее согласен,4 — скорее согласен,1 — абсолютно не согласен,1 — абсолютно не согласен
50,20,Женский,Не пользовался никогда,"Да, бакалавриат",Не работаю,10 000 ₽—50 000 ₽,Москва,3 и более,Употребляю 1 раз в месяц и реже,Не курю,Вообще не хожу,Амбивертам,,,,,,,,,,,,,
51,19,Женский,Не пользовался никогда,"Да, бакалавриат",Не работаю,До 10 000 ₽,Москва,0,Не употребляю,Не курю,Несколько раз в месяц,Экстравертам,,,,,,,,,,,,,
52,19,Женский,Более года,"Да, магистратура / иное",Работаю в частной компании,50 000—100 000 ₽,Москва,3 и более,Не употребляю,Не курю,Вообще не хожу,Интровертам,1 — абсолютно не согласен,1 — абсолютно не согласен,1 — абсолютно не согласен,4 — скорее согласен,5 — абсолютно согласен,3 — нейтрально,4 — скорее согласен,3 — нейтрально,3 — нейтрально,5 — абсолютно согласен,4 — скорее согласен,4 — скорее согласен,2 — скорее не согласен
53,20,Женский,1–6 месяцев,"Да, бакалавриат",Работаю в частной компании,50 000—100 000 ₽,Москва,1–2,Употребляю несколько раз в месяц,Курю иногда,1 раз в месяц и реже,Амбивертам,5 — абсолютно согласен,4 — скорее согласен,5 — абсолютно согласен,5 — абсолютно согласен,4 — скорее согласен,5 — абсолютно согласен,4 — скорее согласен,4 — скорее согласен,1 — абсолютно не согласен,4 — скорее согласен,5 — абсолютно согласен,2 — скорее не согласен,4 — скорее согласен
54,14,Женский,Не пользовался никогда,Нет,Не работаю,До 10 000 ₽,Другое,0,Не употребляю,Не курю,Вообще не хожу,Амбивертам,,,,,,,,,,,,,
55,20,Женский,Не пользовался никогда,"Да, бакалавриат",Не работаю,10 000 ₽—50 000 ₽,Москва,0,Употребляю несколько раз в месяц,Не курю,1 раз в месяц и реже,Амбивертам,,,,,,,,,,,,,
56,46,Мужской,Более года,"Да, магистратура / иное",Работаю в частной компании либо государственной организации,100 000—200 000 ₽,Москва,3 и более,Употребляю несколько раз в месяц,Не курю,1 раз в месяц и реже,Интровертам,3 — нейтрально,2 — скорее не согласен,4 — скорее согласен,2 — скорее не согласен,4 — скорее согласен,3 — нейтрально,5 — абсолютно согласен,3 — нейтрально,3 — нейтрально,3 — нейтрально,3 — нейтрально,2 — скорее не согласен,4 — скорее согласен
57,19,Мужской,Не пользовался никогда,Нет,Не работаю,10 000 ₽—50 000 ₽,Другое,1–2,Не употребляю,Не курю,1 раз в месяц и реже,Предпочитаю не указывать,,,,,,,,,,,,,
58,20,Женский,Более года,"Да, бакалавриат",Не работаю,До 10 000 ₽,Москва,3 и более,Употребляю несколько раз в месяц,Курю ежедневно,1 раз в месяц и реже,Интровертам,3 — нейтрально,2 — скорее не согласен,3 — нейтрально,1 — абсолютно не согласен,3 — нейтрально,4 — скорее согласен,2 — скорее не согласен,3 — нейтрально,4 — скорее согласен,5 — абсолютно согласен,3 — нейтрально,3 — нейтрально,4 — скорее согласен
59,20,Мужской,1–6 месяцев,"Да, бакалавриат",Работаю в частной компании либо государственной организации,10 000 ₽—50 000 ₽,Москва,3 и более,Употребляю 1–2 раза в неделю,Курю ежедневно,Несколько раз в месяц,Амбивертам,4 — скорее согласен,5 — абсолютно согласен,5 — абсолютно согласен,5 — абсолютно согласен,5 — абсолютно согласен,2 — скорее не согласен,5 — абсолютно согласен,5 — абсолютно согласен,4 — скорее согласен,5 — абсолютно согласен,4 — скорее согласен,4 — скорее согласен,5 — абсолютно согласен
60,20,Женский,1–6 месяцев,"Да, бакалавриат",Не работаю,10 000 ₽—50 000 ₽,Москва,1–2,Употребляю 1 раз в месяц и реже,Не курю,1 раз в месяц и реже,Амбивертам,3 — нейтрально,2 — скорее не согласен,5 — абсолютно согласен,2 — скорее не согласен,5 — абсолютно согласен,3 — нейтрально,2 — скорее не согласен,4 — скорее согласен,3 — нейтрально,5 — абсолютно согласен,4 — скорее согласен,4 — скорее согласен,3 — нейтрально
61,21,Мужской,6–12 месяцев,"Да, бакалавриат",Работаю в частной компании либо государственной организации,Более 200 000 ₽,Москва,3 и более,Не употребляю,Не курю,1 раз в месяц и реже,Амбивертам,4 — скорее согласен,3 — нейтрально,2 — скорее не согласен,5 — абсолютно согласен,5 — абсолютно согласен,5 — абсолютно согласен,5 — абсолютно согласен,5 — абсолютно согласен,1 — абсолютно не согласен,5 — абсолютно согласен,5 — абсолютно согласен,1 — абсолютно не согласен,5 — абсолютно согласен
62,27,Мужской,Более года,"Да, магистратура / иное",Работаю в частной компании либо государственной организации,Более 200 000 ₽,Москва,3 и более,Не употребляю,Не курю,Вообще не хожу,Экстравертам,3 — нейтрально,4 — скорее согласен,5 — абсолютно согласен,5 — абсолютно согласен,5 — абсолютно согласен,5 — абсолютно согласен,3 — нейтрально,5 — абсолютно согласен,1 — абсолютно не согласен,3 — нейтрально,5 — абсолютно согласен,1 — абсолютно не согласен,5 — абсолютно согласен
63,19,Мужской,Не пользовался никогда,"Да, бакалавриат",Работаю на себя,10 000 ₽—50 000 ₽,Москва,0,Употребляю 1–2 раза в неделю,Не курю,Несколько раз в месяц,Интровертам,,,,,,,,,,,,,
64,18,Мужской,Не пользовался никогда,"Да, бакалавриат",Не работаю,10 000 ₽—50 000 ₽,Москва,0,Употребляю 1 раз в месяц и реже,Не курю,1 раз в месяц и реже,Амбивертам,,,,,,,,,,,,,
65,20,Мужской,6–12 месяцев,"Да, бакалавриат",Работаю на себя,10 000 ₽—50 000 ₽,Москва,1–2,Употребляю 1 раз в месяц и реже,Не курю,1 раз в месяц и реже,Интровертам,2 — скорее не согласен,2 — скорее не согласен,2 — скорее не согласен,4 — скорее согласен,5 — абсолютно согласен,5 — абсолютно согласен,5 — абсолютно согласен,4 — скорее согласен,2 — скорее не согласен,3 — нейтрально,2 — скорее не согласен,5 — абсолютно согласен,3 — нейтрально
66,22,Женский,Не пользовался никогда,Нет,Работаю в частной компании либо государственной организации,100 000—200 000 ₽,Москва,1–2,Не употребляю,Не курю,1 раз в месяц и реже,Экстравертам,,,,,,,,,,,,,
67,35,Женский,Не пользовался никогда,Нет,Работаю в частной компании либо государственной организации,100 000—200 000 ₽,Москва,1–2,Употребляю 1 раз в месяц и реже,Не курю,Вообще не хожу,Экстравертам,,,,,,,,,,,,,
68,34,Женский,Не пользовался никогда,Нет,Работаю в частной компании либо государственной организации,50 000—100 000 ₽,Москва,3 и более,Употребляю 1 раз в месяц и реже,Не курю,Вообще не хожу,Интровертам,,,,,,,,,,,,,
69,26,Женский,Не пользовался никогда,"Да, магистратура / иное",Работаю в частной компании либо государственной организации,100 000—200 000 ₽,Москва,1–2,Употребляю 1 раз в месяц и реже,Не курю,1 раз в месяц и реже,Интровертам,,,,,,,,,,,,,
70,24,Мужской,Менее месяца,Нет,Работаю в частной компании либо государственной организации,Более 200 000 ₽,Москва,3 и более,Употребляю несколько раз в месяц,Курю иногда,1 раз в месяц и реже,Экстравертам,3 — нейтрально,3 — нейтрально,3 — нейтрально,2 — скорее не согласен,2 — скорее не согласен,2 — скорее не согласен,4 — скорее согласен,4 — скорее согласен,3 — нейтрально,3 — нейтрально,3 — нейтрально,3 — нейтрально,3 — нейтрально
71,31,Женский,Менее месяца,Нет,Работаю в частной компании либо государственной организации,100 000—200 000 ₽,Москва,3 и более,Не употребляю,Не курю,Несколько раз в месяц,Амбивертам,4 — скорее согласен,3 — нейтрально,4 — скорее согласен,4 — скорее согласен,5 — абсолютно согласен,4 — скорее согласен,4 — скорее согласен,4 — скорее согласен,2 — скорее не согласен,2 — скорее не согласен,2 — скорее не согласен,3 — нейтрально,3 — нейтрально
72,24,Мужской,Менее месяца,Нет,Работаю в частной компании либо государственной организации,Более 200 000 ₽,Москва,1–2,Употребляю 1 раз в месяц и реже,Не курю,Вообще не хожу,Интровертам,4 — скорее согласен,3 — нейтрально,4 — скорее согласен,3 — нейтрально,4 — скорее согласен,4 — скорее согласен,5 — абсолютно согласен,5 — абсолютно согласен,2 — скорее не согласен,3 — нейтрально,4 — скорее согласен,3 — нейтрально,3 — нейтрально
73,21,Женский,Не пользовался никогда,"Да, бакалавриат",Работаю в частной компании либо государственной организации,50 000—100 000 ₽,Москва,1–2,Употребляю несколько раз в месяц,Не курю,1 раз в месяц и реже,Амбивертам,,,,,,,,,,,,,
74,23,Мужской,Более года,"Да, бакалавриат",Работаю в частной компании либо государственной организации,100 000—200 000 ₽,Москва,3 и более,Употребляю несколько раз в месяц,Курю ежедневно,Несколько раз в месяц,Амбивертам,4 — скорее согласен,4 — скорее согласен,4 — скорее согласен,2 — скорее не согласен,5 — абсолютно согласен,4 — скорее согласен,5 — абсолютно согласен,5 — абсолютно согласен,4 — скорее согласен,4 — скорее согласен,4 — скорее согласен,2 — скорее не согласен,5 — абсолютно согласен
75,21,Мужской,Не пользовался никогда,"Да, бакалавриат",Работаю в частной компании либо государственной организации,50 000—100 000 ₽,Москва,0,Употребляю несколько раз в месяц,Не курю,Несколько раз в месяц,Интровертам,,,,,,,,,,,,,
76,19,Женский,Не пользовался никогда,"Да, бакалавриат",Работаю в частной компании либо государственной организации,50 000—100 000 ₽,Москва,0,Не употребляю,Не курю,Вообще не хожу,Интровертам,,,,,,,,,,,,,
77,19,Женский,6–12 месяцев,"Да, бакалавриат",Не работаю,До 10 000 ₽,Москва,1–2,Употребляю 1 раз в месяц и реже,Не курю,1 раз в месяц и реже,Экстравертам,3 — нейтрально,1 — абсолютно не согласен,4 — скорее согласен,1 — абсолютно не согласен,4 — скорее согласен,2 — скорее не согласен,3 — нейтрально,4 — скорее согласен,2 — скорее не согласен,1 — абсолютно не согласен,1 — абсолютно не согласен,5 — абсолютно согласен,5 — абсолютно согласен
78,24,Мужской,Не пользовался никогда,"Да, магистратура / иное",Не работаю,До 10 000 ₽,Москва,1–2,Употребляю 1 раз в месяц и реже,Не курю,1 раз в месяц и реже,Интровертам,,,,,,,,,,,,,
79,20,Женский,Менее месяца,"Да, бакалавриат",Работаю на себя,10 000 ₽—50 000 ₽,Москва,1–2,Употребляю несколько раз в месяц,Не курю,1 раз в месяц и реже,Интровертам,3 — нейтрально,2 — скорее не согласен,3 — нейтрально,4 — скорее согласен,5 — абсолютно согласен,5 — абсолютно согласен,4 — скорее согласен,5 — абсолютно согласен,2 — скорее не согласен,5 — абсолютно согласен,5 — абсолютно согласен,2 — скорее не согласен,3 — нейтрально
80,19,Женский,Не пользовался никогда,"Да, бакалавриат",Не работаю,10 000 ₽—50 000 ₽,Москва,1–2,Не употребляю,Не курю,Вообще не хожу,Амбивертам,,,,,,,,,,,,,
81,19,Женский,Не пользовался никогда,"Да, бакалавриат",Не работаю,До 10 000 ₽,Москва,0,Не употребляю,Не курю,Несколько раз в месяц,Амбивертам,,,,,,,,,,,,,
82,16,Женский,6–12 месяцев,Нет,Не работаю,10 000 ₽—50 000 ₽,Москва,0,Не употребляю,Не курю,Вообще не хожу,Интровертам,1 — абсолютно не согласен,2 — скорее не согласен,3 — нейтрально,4 — скорее согласен,4 — скорее согласен,4 — скорее согласен,4 — скорее согласен,5 — абсолютно согласен,3 — нейтрально,1 — абсолютно не согласен,2 — скорее не согласен,4 — скорее согласен,2 — скорее не согласен
83,22,Мужской,Не пользовался никогда,"Да, бакалавриат",Работаю в частной компании либо государственной организации,50 000—100 000 ₽,Москва,0,Употребляю 1 раз в месяц и реже,Не курю,Вообще не хожу,Интровертам,,,,,,,,,,,,,
84,22,Мужской,Не пользовался никогда,"Да, бакалавриат",Работаю в частной компании либо государственной организации,Более 200 000 ₽,Москва,1–2,Употребляю 1 раз в месяц и реже,Курю ежедневно,1 раз в месяц и реже,Интровертам,,,,,,,,,,,,,
85,19,Мужской,Менее месяца,"Да, бакалавриат",Не работаю,50 000—100 000 ₽,Другое,3 и более,Употребляю 1–2 раза в неделю,Бросаю / бросил,1–2 раза в неделю,Амбивертам,1 — абсолютно не согласен,1 — абсолютно не согласен,2 — скорее не согласен,2 — скорее не согласен,2 — скорее не согласен,2 — скорее не согласен,4 — скорее согласен,3 — нейтрально,2 — скорее не согласен,2 — скорее не согласен,2 — скорее не согласен,2 — скорее не согласен,4 — скорее согласен
86,23,Мужской,Не пользовался никогда,"Да, магистратура / иное",Работаю в частной компании либо государственной организации,50 000—100 000 ₽,Москва,0,Не употребляю,Не курю,Вообще не хожу,Интровертам,,,,,,,,,,,,,
87,18,Женский,Менее месяца,"Да, бакалавриат",Не работаю,10 000 ₽—50 000 ₽,Москва,1–2,Употребляю 1 раз в месяц и реже,Не курю,Вообще не хожу,Интровертам,4 — скорее согласен,2 — скорее не согласен,3 — нейтрально,4 — скорее согласен,5 — абсолютно согласен,4 — скорее согласен,4 — скорее согласен,5 — абсолютно согласен,2 — скорее не согласен,5 — абсолютно согласен,3 — нейтрально,2 — скорее не согласен,4 — скорее согласен
88,18,Женский,Не пользовался никогда,"Да, бакалавриат",Не работаю,10 000 ₽—50 000 ₽,Другое,1–2,Употребляю 1 раз в месяц и реже,Не курю,Вообще не хожу,Экстравертам,,,,,,,,,,,,,
89,16,Женский,Не пользовался никогда,Нет,Не работаю,До 10 000 ₽,Москва,0,Не употребляю,Не курю,1 раз в месяц и реже,Экстравертам,,,,,,,,,,,,,
90,18,Женский,Не пользовался никогда,"Да, бакалавриат",Не работаю,50 000—100 000 ₽,Москва,1–2,Не употребляю,Не курю,1 раз в месяц и реже,Амбивертам,,,,,,,,,,,,,
91,16,Женский,Не пользовался никогда,Нет,Не работаю,До 10 000 ₽,Другое,0,Не употребляю,Не курю,Вообще не хожу,Амбивертам,,,,,,,,,,,,,
92,18,Женский,Не пользовался никогда,"Да, бакалавриат",Не работаю,До 10 000 ₽,Другое,1–2,Употребляю 1 раз в месяц и реже,Курю ежедневно,Вообще не хожу,Интровертам,,,,,,,,,,,,,
93,18,Мужской,Менее месяца,"Да, бакалавриат",Работаю в частной компании либо государственной организации,10 000 ₽—50 000 ₽,Москва,0,Употребляю несколько раз в месяц,Не курю,Несколько раз в месяц,Амбивертам,4 — скорее согласен,5 — абсолютно согласен,5 — абсолютно согласен,4 — скорее согласен,5 — абсолютно согласен,5 — абсолютно согласен,4 — скорее согласен,4 — скорее согласен,2 — скорее не согласен,3 — нейтрально,4 — скорее согласен,3 — нейтрально,3 — нейтрально
94,17,Женский,Не пользовался никогда,Нет,Работаю в частной компании либо государственной организации,50 000—100 000 ₽,Москва,0,Не употребляю,Не курю,Вообще не хожу,Экстравертам,,,,,,,,,,,,,
95,18,Женский,Не пользовался никогда,"Да, бакалавриат",Не работаю,10 000 ₽—50 000 ₽,Другое,0,Не употребляю,Не курю,Вообще не хожу,Интровертам,,,,,,,,,,,,,
96,16,Женский,Не пользовался никогда,Нет,Не работаю,До 10 000 ₽,Москва,0,Не употребляю,Не курю,Вообще не хожу,Интровертам,,,,,,,,,,,,,
97,16,Женский,Не пользовался никогда,Нет,Не работаю,До 10 000 ₽,Другое,1–2,Не употребляю,Не курю,Вообще не хожу,Амбивертам,,,,,,,,,,,,,
98,20,Женский,Не пользовался никогда,"Да, магистратура / иное",Не работаю,До 10 000 ₽,Другое,0,Употребляю несколько раз в месяц,Не курю,Вообще не хожу,Амбивертам,,,,,,,,,,,,,
99,20,Мужской,Более года,"Да, бакалавриат",Работаю в частной компании либо государственной организации,100 000—200 000 ₽,Москва,3 и более,Не употребляю,Курю ежедневно,Вообще не хожу,Амбивертам,4 — скорее согласен,3 — нейтрально,5 — абсолютно согласен,4 — скорее согласен,4 — скорее согласен,4 — скорее согласен,3 — нейтрально,3 — нейтрально,3 — нейтрально,4 — скорее согласен,4 — скорее согласен,4 — скорее согласен,4 — скорее согласен
100,19,Мужской,Более года,"Да, бакалавриат",Не работаю,10 000 ₽—50 000 ₽,Москва,1–2,Употребляю несколько раз в месяц,Курю ежедневно,Несколько раз в месяц,Интровертам,3 — нейтрально,4 — скорее согласен,3 — нейтрально,4 — скорее согласен,5 — абсолютно согласен,5 — абсолютно согласен,5 — абсолютно согласен,5 — абсолютно согласен,3 — нейтрально,4 — скорее согласен,3 — нейтрально,1 — абсолютно не согласен,4 — скорее согласен
101,22,Женский,1–6 месяцев,"Да, бакалавриат",Работаю в частной компании либо государственной организации,50 000—100 000 ₽,Москва,1–2,Употребляю 1 раз в месяц и реже,Не курю,1–2 раза в неделю,Интровертам,2 — скорее не согласен,2 — скорее не согласен,4 — скорее согласен,1 — абсолютно не согласен,5 — абсолютно согласен,4 — скорее согласен,5 — абсолютно согласен,5 — абсолютно согласен,1 — абсолютно не согласен,4 — скорее согласен,3 — нейтрально,1 — абсолютно не согласен,4 — скорее согласен
102,19,Мужской,Не пользовался никогда,"Да, бакалавриат",Не работаю,До 10 000 ₽,Москва,3 и более,Употребляю 3+ раз в неделю,Бросаю / бросил,Вообще не хожу,Экстравертам,,,,,,,,,,,,,
103,20,Женский,Не пользовался никогда,"Да, бакалавриат",Не работаю,10 000 ₽—50 000 ₽,Москва,1–2,Не употребляю,Не курю,Вообще не хожу,Амбивертам,,,,,,,,,,,,,
104,20,Мужской,1–6 месяцев,"Да, бакалавриат",Не работаю,До 10 000 ₽,Москва,1–2,Употребляю несколько раз в месяц,Курю ежедневно,1 раз в месяц и реже,Интровертам,4 — скорее согласен,4 — скорее согласен,5 — абсолютно согласен,2 — скорее не согласен,3 — нейтрально,2 — скорее не согласен,2 — скорее не согласен,3 — нейтрально,4 — скорее согласен,2 — скорее не согласен,3 — нейтрально,4 — скорее согласен,4 — скорее согласен
105,19,Мужской,Не пользовался никогда,"Да, бакалавриат",Работаю в частной компании либо государственной организации,50 000—100 000 ₽,Москва,1–2,Употребляю 3+ раз в неделю,Курю ежедневно,Несколько раз в месяц,Экстравертам,,,,,,,,,,,,,
106,18,Женский,Не пользовался никогда,"Да, бакалавриат",Работаю в частной компании либо государственной организации,50 000—100 000 ₽,Москва,1–2,Не употребляю,Курю ежедневно,1 раз в месяц и реже,Предпочитаю не указывать,,,,,,,,,,,,,
107,18,Мужской,Не пользовался никогда,"Да, бакалавриат",Работаю на себя,10 000 ₽—50 000 ₽,Другое,1–2,Употребляю несколько раз в месяц,Не курю,1 раз в месяц и реже,Амбивертам,,,,,,,,,,,,,
108,20,Мужской,Не пользовался никогда,"Да, бакалавриат",Не работаю,10 000 ₽—50 000 ₽,Москва,3 и более,Не употребляю,Не курю,1 раз в месяц и реже,Амбивертам,,,,,,,,,,,,,
109,21,Мужской,Не пользовался никогда,"Да, бакалавриат",Работаю в частной компании либо государственной организации,50 000—100 000 ₽,Другое,3 и более,Употребляю 1–2 раза в неделю,Курю ежедневно,1 раз в месяц и реже,Предпочитаю не указывать,,,,,,,,,,,,,
110,19,Мужской,Не пользовался никогда,"Да, бакалавриат",Не работаю,10 000 ₽—50 000 ₽,Москва,1–2,Употребляю 1 раз в месяц и реже,Курю ежедневно,1 раз в месяц и реже,Интровертам,,,,,,,,,,,,,
111,17,Женский,1–6 месяцев,"Да, бакалавриат",Работаю в частной компании либо государственной организации,10 000 ₽—50 000 ₽,Москва,1–2,Не употребляю,Не курю,1 раз в месяц и реже,Амбивертам,5 — абсолютно согласен,5 — абсолютно согласен,5 — абсолютно согласен,4 — скорее согласен,5 — абсолютно согласен,5 — абсолютно согласен,2 — скорее не согласен,2 — скорее не согласен,1 — абсолютно не согласен,5 — абсолютно согласен,5 — абсолютно согласен,3 — нейтрально,5 — абсолютно согласен
112,15,Мужской,1–6 месяцев,Нет,Не работаю,До 10 000 ₽,Москва,1–2,Употребляю 1 раз в месяц и реже,Не курю,Вообще не хожу,Амбивертам,1 — абсолютно не согласен,1 — абсолютно не согласен,2 — скорее не согласен,1 — абсолютно не согласен,2 — скорее не согласен,1 — абсолютно не согласен,1 — абсолютно не согласен,1 — абсолютно не согласен,1 — абсолютно не согласен,1 — абсолютно не согласен,1 — абсолютно не согласен,1 — абсолютно не согласен,2 — скорее не согласен
113,25,Женский,Более года,"Да, магистратура / иное",Работаю в частной компании либо государственной организации,100 000—200 000 ₽,Москва,3 и более,Употребляю несколько раз в месяц,Не курю,Несколько раз в месяц,Экстравертам,2 — скорее не согласен,4 — скорее согласен,4 — скорее согласен,2 — скорее не согласен,5 — абсолютно согласен,4 — скорее согласен,3 — нейтрально,4 — скорее согласен,3 — нейтрально,2 — скорее не согласен,4 — скорее согласен,1 — абсолютно не согласен,5 — абсолютно согласен
114,19,Мужской,1–6 месяцев,"Да, магистратура / иное",Не работаю,10 000 ₽—50 000 ₽,Москва,Предпочитаю не указывать,Употребляю несколько раз в месяц,Бросаю / бросил,Несколько раз в месяц,Предпочитаю не указывать,2 — скорее не согласен,4 — скорее согласен,3 — нейтрально,2 — скорее не согласен,4 — скорее согласен,5 — абсолютно согласен,3 — нейтрально,4 — скорее согласен,2 — скорее не согласен,4 — скорее согласен,3 — нейтрально,4 — скорее согласен,4 — скорее согласен
115,19,Мужской,Не пользовался никогда,"Да, бакалавриат",Работаю в частной компании либо государственной организации,10 000 ₽—50 000 ₽,Москва,1–2,Употребляю 1 раз в месяц и реже,Не курю,Вообще не хожу,Экстравертам,,,,,,,,,,,,,
116,19,Мужской,Не пользовался никогда,"Да, бакалавриат",Работаю на себя,10 000 ₽—50 000 ₽,Москва,1–2,Употребляю несколько раз в месяц,Курю иногда,Несколько раз в месяц,Амбивертам,,,,,,,,,,,,,
117,19,Женский,1–6 месяцев,"Да, бакалавриат",Не работаю,10 000 ₽—50 000 ₽,Москва,1–2,Употребляю 1–2 раза в неделю,Курю ежедневно,1–2 раза в неделю,Экстравертам,4 — скорее согласен,2 — скорее не согласен,3 — нейтрально,5 — абсолютно согласен,4 — скорее согласен,3 — нейтрально,4 — скорее согласен,5 — абсолютно согласен,2 — скорее не согласен,4 — скорее согласен,4 — скорее согласен,2 — скорее не согласен,5 — абсолютно согласен
118,19,Мужской,Не пользовался никогда,"Да, бакалавриат",Работаю на себя,До 10 000 ₽,Москва,0,Употребляю несколько раз в месяц,Курю иногда,Несколько раз в месяц,Интровертам,,,,,,,,,,,,,
119,19,Женский,6–12 месяцев,"Да, бакалавриат",Работаю в частной компании либо государственной организации,50 000—100 000 ₽,Москва,0,Употребляю несколько раз в месяц,Курю ежедневно,Несколько раз в месяц,Амбивертам,3 — нейтрально,2 — скорее не согласен,4 — скорее согласен,2 — скорее не согласен,4 — скорее согласен,3 — нейтрально,5 — абсолютно согласен,5 — абсолютно согласен,2 — скорее не согласен,4 — скорее согласен,4 — скорее согласен,2 — скорее не согласен,3 — нейтрально
120,26,Мужской,Более года,Нет,Работаю в частной компании либо государственной организации,100 000—200 000 ₽,Другое,3 и более,Употребляю несколько раз в месяц,Не курю,Вообще не хожу,Амбивертам,4 — скорее согласен,3 — нейтрально,2 — скорее не согласен,2 — скорее не согласен,4 — скорее согласен,4 — скорее согласен,3 — нейтрально,3 — нейтрально,3 — нейтрально,3 — нейтрально,2 — скорее не согласен,4 — скорее согласен,5 — абсолютно согласен
121,19,Женский,Не пользовался никогда,"Да, бакалавриат",Работаю в частной компании либо государственной организации,10 000 ₽—50 000 ₽,Москва,1–2,Употребляю несколько раз в месяц,Курю иногда,Несколько раз в месяц,Экстравертам,,,,,,,,,,,,,
122,19,Женский,Менее месяца,"Да, бакалавриат",Работаю на себя,10 000 ₽—50 000 ₽,Москва,1–2,Не употребляю,Не курю,Вообще не хожу,Интровертам,2 — скорее не согласен,2 — скорее не согласен,3 — нейтрально,4 — скорее согласен,3 — нейтрально,3 — нейтрально,2 — скорее не согласен,3 — нейтрально,3 — нейтрально,2 — скорее не согласен,5 — абсолютно согласен,2 — скорее не согласен,4 — скорее согласен
123,18,Мужской,Менее месяца,"Да, бакалавриат",Не работаю,100 000—200 000 ₽,Москва,0,Не употребляю,Не курю,Вообще не хожу,Интровертам,4 — скорее согласен,5 — абсолютно согласен,5 — абсолютно согласен,4 — скорее согласен,5 — абсолютно согласен,4 — скорее согласен,4 — скорее согласен,5 — абсолютно согласен,2 — скорее не согласен,2 — скорее не согласен,2 — скорее не согласен,3 — нейтрально,3 — нейтрально
124,15,Женский,1–6 месяцев,Нет,Не работаю,До 10 000 ₽,Москва,0,Не употребляю,Не курю,Вообще не хожу,Экстравертам,3 — нейтрально,2 — скорее не согласен,4 — скорее согласен,5 — абсолютно согласен,2 — скорее не согласен,2 — скорее не согласен,2 — скорее не согласен,2 — скорее не согласен,1 — абсолютно не согласен,2 — скорее не согласен,1 — абсолютно не согласен,2 — скорее не согласен,1 — абсолютно не согласен
125,20,Мужской,Менее месяца,"Да, бакалавриат",Не работаю,10 000 ₽—50 000 ₽,Москва,Предпочитаю не указывать,Употребляю несколько раз в месяц,Бросаю / бросил,Несколько раз в месяц,Интровертам,4 — скорее согласен,4 — скорее согласен,5 — абсолютно согласен,4 — скорее согласен,4 — скорее согласен,4 — скорее согласен,3 — нейтрально,3 — нейтрально,1 — абсолютно не согласен,5 — абсолютно согласен,4 — скорее согласен,2 — скорее не согласен,1 — абсолютно не согласен
126,15,Женский,Менее месяца,Нет,Не работаю,До 10 000 ₽,Другое,0,Не употребляю,Не курю,Вообще не хожу,Предпочитаю не указывать,4 — скорее согласен,3 — нейтрально,4 — скорее согласен,2 — скорее не согласен,4 — скорее согласен,2 — скорее не согласен,4 — скорее согласен,2 — скорее не согласен,1 — абсолютно не согласен,3 — нейтрально,4 — скорее согласен,4 — скорее согласен,4 — скорее согласен
127,20,Женский,1–6 месяцев,"Да, бакалавриат",Работаю в частной компании либо государственной организации,50 000—100 000 ₽,Москва,Предпочитаю не указывать,Употребляю 1–2 раза в неделю,Курю ежедневно,1–2 раза в неделю,Амбивертам,4 — скорее согласен,3 — нейтрально,3 — нейтрально,4 — скорее согласен,4 — скорее согласен,4 — скорее согласен,4 — скорее согласен,4 — скорее согласен,2 — скорее не согласен,5 — абсолютно согласен,5 — абсолютно согласен,4 — скорее согласен,4 — скорее согласен
128,19,Мужской,Не пользовался никогда,"Да, бакалавриат",Не работаю,До 10 000 ₽,Москва,0,Не употребляю,Не курю,Вообще не хожу,Амбивертам,,,,,,,,,,,,,
129,21,Женский,Более года,"Да, бакалавриат",Работаю в частной компании либо государственной организации,10 000 ₽—50 000 ₽,Москва,1–2,Употребляю 1 раз в месяц и реже,Курю иногда,Несколько раз в месяц,Амбивертам,4 — скорее согласен,2 — скорее не согласен,4 — скорее согласен,2 — скорее не согласен,4 — скорее согласен,4 — скорее согласен,4 — скорее согласен,4 — скорее согласен,1 — абсолютно не согласен,5 — абсолютно согласен,3 — нейтрально,2 — скорее не согласен,4 — скорее согласен
130,20,Женский,1–6 месяцев,"Да, бакалавриат",Работаю в частной компании либо государственной организации,10 000 ₽—50 000 ₽,Москва,0,Не употребляю,Не курю,Вообще не хожу,Амбивертам,2 — скорее не согласен,2 — скорее не согласен,3 — нейтрально,3 — нейтрально,4 — скорее согласен,4 — скорее согласен,4 — скорее согласен,5 — абсолютно согласен,3 — нейтрально,3 — нейтрально,3 — нейтрально,2 — скорее не согласен,1 — абсолютно не согласен
131,20,Мужской,Не пользовался никогда,"Да, бакалавриат",Работаю на себя,50 000—100 000 ₽,Москва,1–2,Употребляю 3+ раз в неделю,Не курю,1 раз в месяц и реже,Интровертам,,,,,,,,,,,,,
132,18,Женский,Не пользовался никогда,Нет,Не работаю,До 10 000 ₽,Москва,0,Употребляю несколько раз в месяц,Курю иногда,1 раз в месяц и реже,Интровертам,,,,,,,,,,,,,
133,18,Женский,1–6 месяцев,"Да, бакалавриат",Не работаю,10 000 ₽—50 000 ₽,Москва,1–2,Употребляю 1–2 раза в неделю,Курю ежедневно,Несколько раз в месяц,Амбивертам,3 — нейтрально,1 — абсолютно не согласен,3 — нейтрально,4 — скорее согласен,4 — скорее согласен,3 — нейтрально,2 — скорее не согласен,4 — скорее согласен,2 — скорее не согласен,4 — скорее согласен,3 — нейтрально,2 — скорее не согласен,2 — скорее не согласен
134,17,Мужской,Менее месяца,Нет,Не работаю,До 10 000 ₽,Другое,1–2,Употребляю 1 раз в месяц и реже,Курю ежедневно,Вообще не хожу,Экстравертам,5 — абсолютно согласен,4 — скорее согласен,5 — абсолютно согласен,3 — нейтрально,4 — скорее согласен,4 — скорее согласен,5 — абсолютно согласен,4 — скорее согласен,2 — скорее не согласен,4 — скорее согласен,2 — скорее не согласен,1 — абсолютно не согласен,2 — скорее не согласен
135,18,Мужской,1–6 месяцев,"Да, бакалавриат",Не работаю,10 000 ₽—50 000 ₽,Москва,3 и более,Употребляю 1–2 раза в неделю,Курю ежедневно,1–2 раза в неделю,Амбивертам,2 — скорее не согласен,2 — скорее не согласен,2 — скорее не согласен,3 — нейтрально,3 — нейтрально,2 — скорее не согласен,2 — скорее не согласен,2 — скорее не согласен,3 — нейтрально,4 — скорее согласен,4 — скорее согласен,2 — скорее не согласен,3 — нейтрально
136,18,Женский,Более года,Нет,Не работаю,До 10 000 ₽,Другое,0,Не употребляю,Не курю,Вообще не хожу,Амбивертам,1 — абсолютно не согласен,1 — абсолютно не согласен,5 — абсолютно согласен,1 — абсолютно не согласен,5 — абсолютно согласен,5 — абсолютно согласен,5 — абсолютно согласен,4 — скорее согласен,1 — абсолютно не согласен,5 — абсолютно согласен,4 — скорее согласен,2 — скорее не согласен,5 — абсолютно согласен
137,18,Женский,Не пользовался никогда,"Да, бакалавриат",Работаю в частной компании либо государственной организации,10 000 ₽—50 000 ₽,Москва,1–2,Не употребляю,Не курю,1 раз в месяц и реже,Экстравертам,,,,,,,,,,,,,
138,16,Женский,Менее месяца,Нет,Работаю в частной компании либо государственной организации,10 000 ₽—50 000 ₽,Другое,1–2,Не употребляю,Не курю,Вообще не хожу,Амбивертам,5 — абсолютно согласен,5 — абсолютно согласен,4 — скорее согласен,2 — скорее не согласен,2 — скорее не согласен,2 — скорее не согласен,4 — скорее согласен,2 — скорее не согласен,3 — нейтрально,2 — скорее не согласен,4 — скорее согласен,2 — скорее не согласен,4 — скорее согласен
139,18,Женский,Более года,Нет,Не работаю,До 10 000 ₽,Другое,1–2,Не употребляю,Не курю,Вообще не хожу,Интровертам,3 — нейтрально,2 — скорее не согласен,2 — скорее не согласен,2 — скорее не согласен,4 — скорее согласен,3 — нейтрально,2 — скорее не согласен,1 — абсолютно не согласен,4 — скорее согласен,2 — скорее не согласен,3 — нейтрально,3 — нейтрально,5 — абсолютно согласен
140,19,Женский,Не пользовался никогда,"Да, бакалавриат",Работаю в частной компании либо государственной организации,10 000 ₽—50 000 ₽,Москва,3 и более,Употребляю несколько раз в месяц,Курю иногда,Несколько раз в месяц,Экстравертам,,,,,,,,,,,,,
141,19,Мужской,Не пользовался никогда,"Да, бакалавриат",Не работаю,До 10 000 ₽,Москва,1–2,Употребляю несколько раз в месяц,Курю иногда,1 раз в месяц и реже,Экстравертам,,,,,,,,,,,,,
142,19,Женский,Менее месяца,"Да, бакалавриат",Работаю в частной компании либо государственной организации,50 000—100 000 ₽,Москва,3 и более,Употребляю 1 раз в месяц и реже,Курю ежедневно,Вообще не хожу,Амбивертам,1 — абсолютно не согласен,1 — абсолютно не согласен,2 — скорее не согласен,4 — скорее согласен,4 — скорее согласен,4 — скорее согласен,5 — абсолютно согласен,3 — нейтрально,3 — нейтрально,3 — нейтрально,5 — абсолютно согласен,4 — скорее согласен,4 — скорее согласен
143,20,Женский,Не пользовался никогда,"Да, бакалавриат",Работаю в частной компании либо государственной организации,10 000 ₽—50 000 ₽,Москва,0,Употребляю несколько раз в месяц,Курю иногда,1 раз в месяц и реже,Амбивертам,,,,,,,,,,,,,
144,21,Женский,Не пользовался никогда,"Да, бакалавриат",Работаю в частной компании либо государственной организации,50 000—100 000 ₽,Москва,0,Употребляю 1 раз в месяц и реже,Не курю,1 раз в месяц и реже,Интровертам,,,,,,,,,,,,,
145,20,Женский,Не пользовался никогда,"Да, бакалавриат",Не работаю,10 000 ₽—50 000 ₽,Москва,1–2,Не употребляю,Не курю,Вообще не хожу,Амбивертам,,,,,,,,,,,,,
146,26,Женский,1–6 месяцев,Нет,Работаю в частной компании либо государственной организации,100 000—200 000 ₽,Москва,1–2,Не употребляю,Бросаю / бросил,Вообще не хожу,Интровертам,5 — абсолютно согласен,5 — абсолютно согласен,5 — абсолютно согласен,5 — абсолютно согласен,5 — абсолютно согласен,4 — скорее согласен,5 — абсолютно согласен,5 — абсолютно согласен,2 — скорее не согласен,4 — скорее согласен,3 — нейтрально,2 — скорее не согласен,3 — нейтрально
147,16,Мужской,Более года,Нет,Не работаю,До 10 000 ₽,Москва,0,Не употребляю,Не курю,Вообще не хожу,Амбивертам,5 — абсолютно согласен,3 — нейтрально,5 — абсолютно согласен,4 — скорее согласен,4 — скорее согласен,5 — абсолютно согласен,2 — скорее не согласен,5 — абсолютно согласен,2 — скорее не согласен,4 — скорее согласен,5 — абсолютно согласен,2 — скорее не согласен,4 — скорее согласен
148,18,Женский,Не пользовался никогда,"Да, бакалавриат",Не работаю,10 000 ₽—50 000 ₽,Москва,1–2,Не употребляю,Не курю,1 раз в месяц и реже,Амбивертам,,,,,,,,,,,,,
149,24,Женский,Не пользовался никогда,"Да, бакалавриат",Работаю на себя,10 000 ₽—50 000 ₽,Москва,3 и более,Употребляю 1 раз в месяц и реже,Бросаю / бросил,1 раз в месяц и реже,Амбивертам,,,,,,,,,,,,,
150,18,Мужской,Менее месяца,Нет,Работаю на себя,10 000 ₽—50 000 ₽,Москва,Предпочитаю не указывать,Употребляю несколько раз в месяц,Курю иногда,Несколько раз в месяц,Амбивертам,4 — скорее согласен,4 — скорее согласен,4 — скорее согласен,2 — скорее не согласен,4 — скорее согласен,3 — нейтрально,5 — абсолютно согласен,5 — абсолютно согласен,2 — скорее не согласен,4 — скорее согласен,5 — абсолютно согласен,2 — скорее не согласен,4 — скорее согласен
151,18,Женский,Не пользовался никогда,Нет,Не работаю,10 000 ₽—50 000 ₽,Москва,1–2,Употребляю несколько раз в месяц,Не курю,1 раз в месяц и реже,Экстравертам,,,,,,,,,,,,,
152,19,Мужской,Не пользовался никогда,"Да, бакалавриат",Работаю в частной компании либо государственной организации,50 000—100 000 ₽,Москва,1–2,Употребляю несколько раз в месяц,Курю ежедневно,Вообще не хожу,Предпочитаю не указывать,,,,,,,,,,,,,
153,17,Мужской,Более года,Нет,Не работаю,Более 200 000 ₽,Другое,3 и более,Не употребляю,Не курю,Вообще не хожу,Экстравертам,3 — нейтрально,1 — абсолютно не согласен,3 — нейтрально,4 — скорее согласен,4 — скорее согласен,5 — абсолютно согласен,4 — скорее согласен,5 — абсолютно согласен,3 — нейтрально,5 — абсолютно согласен,3 — нейтрально,2 — скорее не согласен,5 — абсолютно согласен
154,18,Женский,Не пользовался никогда,"Да, бакалавриат",Не работаю,50 000—100 000 ₽,Москва,1–2,Не употребляю,Не курю,1 раз в месяц и реже,Амбивертам,,,,,,,,,,,,,
155,19,Женский,Не пользовался никогда,"Да, бакалавриат",Не работаю,50 000—100 000 ₽,Москва,0,Употребляю 1 раз в месяц и реже,Не курю,Вообще не хожу,Экстравертам,,,,,,,,,,,,,
156,20,Женский,Не пользовался никогда,"Да, бакалавриат",Работаю в частной компании либо государственной организации,До 10 000 ₽,Москва,3 и более,Употребляю несколько раз в месяц,Не курю,1 раз в месяц и реже,Экстравертам,,,,,,,,,,,,,
157,19,Женский,Менее месяца,"Да, бакалавриат",Не работаю,До 10 000 ₽,Москва,3 и более,Употребляю 1 раз в месяц и реже,Курю ежедневно,1 раз в месяц и реже,Амбивертам,2 — скорее не согласен,2 — скорее не согласен,2 — скорее не согласен,4 — скорее согласен,5 — абсолютно согласен,5 — абсолютно согласен,5 — абсолютно согласен,5 — абсолютно согласен,2 — скорее не согласен,1 — абсолютно не согласен,2 — скорее не согласен,4 — скорее согласен,1 — абсолютно не согласен
158,18,Мужской,Менее месяца,"Да, бакалавриат",Работаю в частной компании либо государственной организации,До 10 000 ₽,Другое,3 и более,Употребляю 3+ раз в неделю,Курю ежедневно,3+ раза в неделю,Экстравертам,1 — абсолютно не согласен,2 — скорее не согласен,3 — нейтрально,1 — абсолютно не согласен,2 — скорее не согласен,2 — скорее не согласен,1 — абсолютно не согласен,2 — скорее не согласен,1 — абсолютно не согласен,1 — абсолютно не согласен,2 — скорее не согласен,1 — абсолютно не согласен,2 — скорее не согласен
159,19,Женский,Не пользовался никогда,"Да, бакалавриат",Не работаю,10 000 ₽—50 000 ₽,Москва,Предпочитаю не указывать,Употребляю несколько раз в месяц,Бросаю / бросил,Несколько раз в месяц,Экстравертам,,,,,,,,,,,,,
160,24,Женский,Не пользовался никогда,"Да, бакалавриат",Не работаю,10 000 ₽—50 000 ₽,Москва,3 и более,Употребляю 1 раз в месяц и реже,Бросаю / бросил,Несколько раз в месяц,Амбивертам,,,,,,,,,,,,,
161,21,Женский,Более года,"Да, бакалавриат",Не работаю,До 10 000 ₽,Москва,1–2,Употребляю несколько раз в месяц,Курю ежедневно,1 раз в месяц и реже,Экстравертам,1 — абсолютно не согласен,1 — абсолютно не согласен,4 — скорее согласен,2 — скорее не согласен,2 — скорее не согласен,3 — нейтрально,2 — скорее не согласен,3 — нейтрально,4 — скорее согласен,4 — скорее согласен,3 — нейтрально,3 — нейтрально,4 — скорее согласен
162,20,Мужской,1–6 месяцев,"Да, бакалавриат",Работаю в частной компании либо государственной организации,10 000 ₽—50 000 ₽,Москва,0,Употребляю 1 раз в месяц и реже,Не курю,1 раз в месяц и реже,Амбивертам,4 — скорее согласен,4 — скорее согласен,3 — нейтрально,4 — скорее согласен,4 — скорее согласен,4 — скорее согласен,2 — скорее не согласен,3 — нейтрально,3 — нейтрально,4 — скорее согласен,5 — абсолютно согласен,2 — скорее не согласен,3 — нейтрально
163,21,Женский,Менее месяца,"Да, бакалавриат",Не работаю,До 10 000 ₽,Москва,3 и более,Не употребляю,Курю ежедневно,1–2 раза в неделю,Экстравертам,2 — скорее не согласен,2 — скорее не согласен,1 — абсолютно не согласен,2 — скорее не согласен,3 — нейтрально,4 — скорее согласен,2 — скорее не согласен,1 — абсолютно не согласен,4 — скорее согласен,1 — абсолютно не согласен,3 — нейтрально,3 — нейтрально,2 — скорее не согласен
164,19,Женский,Не пользовался никогда,"Да, бакалавриат",Работаю в частной компании либо государственной организации,10 000 ₽—50 000 ₽,Москва,1–2,Употребляю 1 раз в месяц и реже,Не курю,Вообще не хожу,Экстравертам,,,,,,,,,,,,,
165,20,Женский,Не пользовался никогда,"Да, бакалавриат",Не работаю,До 10 000 ₽,Москва,0,Не употребляю,Не курю,Вообще не хожу,Интровертам,,,,,,,,,,,,,
166,19,Женский,Не пользовался никогда,"Да, бакалавриат",Не работаю,10 000 ₽—50 000 ₽,Москва,3 и более,Употребляю несколько раз в месяц,Курю иногда,Несколько раз в месяц,Амбивертам,,,,,,,,,,,,,
167,22,Женский,1–6 месяцев,"Да, бакалавриат",Не работаю,До 10 000 ₽,Москва,1–2,Употребляю 1 раз в месяц и реже,Не курю,Вообще не хожу,Интровертам,2 — скорее не согласен,2 — скорее не согласен,4 — скорее согласен,3 — нейтрально,5 — абсолютно согласен,5 — абсолютно согласен,3 — нейтрально,4 — скорее согласен,2 — скорее не согласен,3 — нейтрально,3 — нейтрально,2 — скорее не согласен,4 — скорее согласен
168,20,Женский,Не пользовался никогда,"Да, бакалавриат",Не работаю,10 000 ₽—50 000 ₽,Москва,1–2,Употребляю 1 раз в месяц и реже,Не курю,Вообще не хожу,Амбивертам,,,,,,,,,,,,,
169,17,Женский,Менее месяца,Нет,Не работаю,До 10 000 ₽,Другое,1–2,Употребляю 1 раз в месяц и реже,Не курю,1 раз в месяц и реже,Амбивертам,4 — скорее согласен,4 — скорее согласен,4 — скорее согласен,4 — скорее согласен,4 — скорее согласен,4 — скорее согласен,5 — абсолютно согласен,5 — абсолютно согласен,2 — скорее не согласен,5 — абсолютно согласен,4 — скорее согласен,2 — скорее не согласен,3 — нейтрально
170,23,Мужской,6–12 месяцев,"Да, магистратура / иное",Работаю на себя,50 000—100 000 ₽,Москва,1–2,Употребляю 1–2 раза в неделю,Бросаю / бросил,Несколько раз в месяц,Экстравертам,5 — абсолютно согласен,4 — скорее согласен,5 — абсолютно согласен,5 — абсолютно согласен,5 — абсолютно согласен,5 — абсолютно согласен,5 — абсолютно согласен,4 — скорее согласен,1 — абсолютно не согласен,4 — скорее согласен,5 — абсолютно согласен,1 — абсолютно не согласен,4 — скорее согласен
171,18,Женский,1–6 месяцев,"Да, бакалавриат",Не работаю,До 10 000 ₽,Москва,1–2,Употребляю 1–2 раза в неделю,Курю иногда,1–2 раза в неделю,Предпочитаю не указывать,5 — абсолютно согласен,5 — абсолютно согласен,4 — скорее согласен,5 — абсолютно согласен,4 — скорее согласен,4 — скорее согласен,4 — скорее согласен,4 — скорее согласен,1 — абсолютно не согласен,3 — нейтрально,5 — абсолютно согласен,1 — абсолютно не согласен,5 — абсолютно согласен
172,19,Мужской,Менее месяца,"Да, бакалавриат",Работаю на себя,10 000 ₽—50 000 ₽,Другое,0,Употребляю 3+ раз в неделю,Не курю,Вообще не хожу,Интровертам,4 — скорее согласен,4 — скорее согласен,4 — скорее согласен,5 — абсолютно согласен,5 — абсолютно согласен,4 — скорее согласен,3 — нейтрально,4 — скорее согласен,1 — абсолютно не согласен,4 — скорее согласен,4 — скорее согласен,2 — скорее не согласен,4 — скорее согласен
173,21,Женский,Менее месяца,"Да, бакалавриат",Работаю в частной компании либо государственной организации,10 000 ₽—50 000 ₽,Москва,3 и более,Употребляю несколько раз в месяц,Бросаю / бросил,1 раз в месяц и реже,Амбивертам,2 — скорее не согласен,3 — нейтрально,3 — нейтрально,1 — абсолютно не согласен,4 — скорее согласен,2 — скорее не согласен,4 — скорее согласен,4 — скорее согласен,3 — нейтрально,5 — абсолютно согласен,3 — нейтрально,2 — скорее не согласен,4 — скорее согласен
174,21,Женский,1–6 месяцев,"Да, бакалавриат",Работаю на себя,100 000—200 000 ₽,Москва,3 и более,Употребляю несколько раз в месяц,Курю ежедневно,1 раз в месяц и реже,Амбивертам,2 — скорее не согласен,1 — абсолютно не согласен,4 — скорее согласен,1 — абсолютно не согласен,4 — скорее согласен,2 — скорее не согласен,4 — скорее согласен,3 — нейтрально,1 — абсолютно не согласен,2 — скорее не согласен,5 — абсолютно согласен,3 — нейтрально,4 — скорее согласен
175,23,Женский,Менее месяца,"Да, бакалавриат",Не работаю,До 10 000 ₽,Москва,0,Не употребляю,Не курю,1 раз в месяц и реже,Экстравертам,4 — скорее согласен,3 — нейтрально,3 — нейтрально,4 — скорее согласен,5 — абсолютно согласен,4 — скорее согласен,5 — абсолютно согласен,5 — абсолютно согласен,1 — абсолютно не согласен,5 — абсолютно согласен,3 — нейтрально,1 — абсолютно не согласен,3 — нейтрально
176,19,Женский,Не пользовался никогда,"Да, бакалавриат",Работаю в частной компании либо государственной организации,10 000 ₽—50 000 ₽,Москва,1–2,Не употребляю,Не курю,Вообще не хожу,Интровертам,,,,,,,,,,,,,
177,22,Женский,1–6 месяцев,"Да, бакалавриат",Не работаю,10 000 ₽—50 000 ₽,Москва,3 и более,Не употребляю,Не курю,Вообще не хожу,Амбивертам,2 — скорее не согласен,2 — скорее не согласен,3 — нейтрально,3 — нейтрально,4 — скорее согласен,4 — скорее согласен,4 — скорее согласен,5 — абсолютно согласен,2 — скорее не согласен,5 — абсолютно согласен,2 — скорее не согласен,2 — скорее не согласен,4 — скорее согласен
178,19,Мужской,Не пользовался никогда,"Да, бакалавриат",Работаю на себя,До 10 000 ₽,Москва,1–2,Употребляю несколько раз в месяц,Не курю,1 раз в месяц и реже,Экстравертам,,,,,,,,,,,,,
179,18,Женский,Не пользовался никогда,"Да, бакалавриат",Не работаю,10 000 ₽—50 000 ₽,Москва,1–2,Не употребляю,Не курю,Вообще не хожу,Интровертам,,,,,,,,,,,,,
180,19,Мужской,Не пользовался никогда,"Да, бакалавриат",Не работаю,10 000 ₽—50 000 ₽,Москва,1–2,Употребляю 1 раз в месяц и реже,Курю иногда,1 раз в месяц и реже,Амбивертам,,,,,,,,,,,,,
181,20,Женский,6–12 месяцев,"Да, бакалавриат",Не работаю,10 000 ₽—50 000 ₽,Другое,1–2,Употребляю 1 раз в месяц и реже,Не курю,1 раз в месяц и реже,Интровертам,3 — нейтрально,1 — абсолютно не согласен,3 — нейтрально,2 — скорее не согласен,4 — скорее согласен,1 — абсолютно не согласен,3 — нейтрально,4 — скорее согласен,4 — скорее согласен,3 — нейтрально,3 — нейтрально,3 — нейтрально,3 — нейтрально
182,20,Женский,Не пользовался никогда,"Да, бакалавриат",Не работаю,До 10 000 ₽,Москва,0,Употребляю 1 раз в месяц и реже,Не курю,Вообще не хожу,Интровертам,,,,,,,,,,,,,
183,17,Женский,Менее месяца,"Да, бакалавриат",Не работаю,До 10 000 ₽,Москва,0,Употребляю несколько раз в месяц,Не курю,1 раз в месяц и реже,Экстравертам,3 — нейтрально,1 — абсолютно не согласен,3 — нейтрально,2 — скорее не согласен,2 — скорее не согласен,3 — нейтрально,4 — скорее согласен,3 — нейтрально,3 — нейтрально,4 — скорее согласен,4 — скорее согласен,4 — скорее согласен,4 — скорее согласен
184,26,Женский,Более года,Нет,Работаю в частной компании либо государственной организации,100 000—200 000 ₽,Другое,3 и более,Употребляю 1 раз в месяц и реже,Не курю,Вообще не хожу,Предпочитаю не указывать,3 — нейтрально,3 — нейтрально,3 — нейтрально,5 — абсолютно согласен,5 — абсолютно согласен,5 — абсолютно согласен,3 — нейтрально,5 — абсолютно согласен,1 — абсолютно не согласен,4 — скорее согласен,4 — скорее согласен,1 — абсолютно не согласен,5 — абсолютно согласен
185,18,Мужской,1–6 месяцев,"Да, бакалавриат",Не работаю,10 000 ₽—50 000 ₽,Москва,1–2,Употребляю несколько раз в месяц,Бросаю / бросил,Несколько раз в месяц,Амбивертам,2 — скорее не согласен,2 — скорее не согласен,2 — скорее не согласен,3 — нейтрально,4 — скорее согласен,4 — скорее согласен,4 — скорее согласен,5 — абсолютно согласен,3 — нейтрально,3 — нейтрально,4 — скорее согласен,2 — скорее не согласен,3 — нейтрально
186,22,Мужской,6–12 месяцев,"Да, бакалавриат",Работаю на себя,10 000 ₽—50 000 ₽,Москва,1–2,Употребляю 1 раз в месяц и реже,Бросаю / бросил,1 раз в месяц и реже,Экстравертам,5 — абсолютно согласен,3 — нейтрально,5 — абсолютно согласен,5 — абсолютно согласен,5 — абсолютно согласен,5 — абсолютно согласен,4 — скорее согласен,5 — абсолютно согласен,1 — абсолютно не согласен,5 — абсолютно согласен,5 — абсолютно согласен,2 — скорее не согласен,5 — абсолютно согласен
187,19,Женский,Менее месяца,"Да, бакалавриат",Не работаю,До 10 000 ₽,Москва,3 и более,Не употребляю,Не курю,Вообще не хожу,Интровертам,2 — скорее не согласен,3 — нейтрально,4 — скорее согласен,2 — скорее не согласен,2 — скорее не согласен,4 — скорее согласен,5 — абсолютно согласен,5 — абсолютно согласен,5 — абсолютно согласен,5 — абсолютно согласен,5 — абсолютно согласен,2 — скорее не согласен,4 — скорее согласен
188,18,Женский,1–6 месяцев,"Да, бакалавриат",Работаю на себя,50 000—100 000 ₽,Москва,1–2,Не употребляю,Не курю,1 раз в месяц и реже,Интровертам,4 — скорее согласен,5 — абсолютно согласен,5 — абсолютно согласен,2 — скорее не согласен,2 — скорее не согласен,4 — скорее согласен,4 — скорее согласен,5 — абсолютно согласен,3 — нейтрально,5 — абсолютно согласен,5 — абсолютно согласен,3 — нейтрально,4 — скорее согласен
189,30,Женский,Не пользовался никогда,Нет,Работаю в частной компании либо государственной организации,Более 200 000 ₽,Москва,1–2,Употребляю несколько раз в месяц,Курю ежедневно,Вообще не хожу,Экстравертам,,,,,,,,,,,,,
190,19,Мужской,1–6 месяцев,"Да, бакалавриат",Не работаю,50 000—100 000 ₽,Москва,Предпочитаю не указывать,Употребляю несколько раз в месяц,Курю ежедневно,1 раз в месяц и реже,Амбивертам,2 — скорее не согласен,2 — скорее не согласен,2 — скорее не согласен,5 — абсолютно согласен,5 — абсолютно согласен,5 — абсолютно согласен,3 — нейтрально,3 — нейтрально,1 — абсолютно не согласен,3 — нейтрально,4 — скорее согласен,1 — абсолютно не согласен,5 — абсолютно согласен
191,20,Женский,Не пользовался никогда,"Да, бакалавриат",Не работаю,10 000 ₽—50 000 ₽,Москва,0,Употребляю 1–2 раза в неделю,Курю иногда,Несколько раз в месяц,Амбивертам,,,,,,,,,,,,,
192,20,Женский,Менее месяца,"Да, бакалавриат",Не работаю,10 000 ₽—50 000 ₽,Москва,3 и более,Не употребляю,Не курю,1 раз в месяц и реже,Амбивертам,5 — абсолютно согласен,4 — скорее согласен,4 — скорее согласен,3 — нейтрально,4 — скорее согласен,2 — скорее не согласен,4 — скорее согласен,5 — абсолютно согласен,3 — нейтрально,4 — скорее согласен,5 — абсолютно согласен,4 — скорее согласен,3 — нейтрально
193,18,Женский,Не пользовался никогда,"Да, бакалавриат",Не работаю,До 10 000 ₽,Москва,0,Употребляю 1 раз в месяц и реже,Не курю,1 раз в месяц и реже,Амбивертам,,,,,,,,,,,,,
194,19,Мужской,Не пользовался никогда,"Да, бакалавриат",Не работаю,10 000 ₽—50 000 ₽,Москва,1–2,Не употребляю,Не курю,Вообще не хожу,Интровертам,,,,,,,,,,,,,
195,17,Женский,Не пользовался никогда,Нет,Работаю на себя,До 10 000 ₽,Москва,0,Не употребляю,Не курю,Вообще не хожу,Интровертам,,,,,,,,,,,,,
196,19,Женский,Не пользовался никогда,"Да, бакалавриат",Не работаю,До 10 000 ₽,Москва,0,Не употребляю,Не курю,Вообще не хожу,Амбивертам,,,,,,,,,,,,,
197,20,Женский,Не пользовался никогда,"Да, бакалавриат",Не работаю,10 000 ₽—50 000 ₽,Другое,0,Употребляю 1 раз в месяц и реже,Не курю,1 раз в месяц и реже,Интровертам,,,,,,,,,,,,,
198,19,Мужской,Не пользовался никогда,"Да, бакалавриат",Не работаю,До 10 000 ₽,Москва,0,Не употребляю,Не курю,1 раз в месяц и реже,Амбивертам,,,,,,,,,,,,,
199,19,Женский,Более года,"Да, бакалавриат",Работаю на себя,10 000 ₽—50 000 ₽,Москва,1–2,Употребляю 1 раз в месяц и реже,Курю ежедневно,Вообще не хожу,Амбивертам,5 — абсолютно согласен,4 — скорее согласен,4 — скорее согласен,3 — нейтрально,4 — скорее согласен,4 — скорее согласен,2 — скорее не согласен,3 — нейтрально,2 — скорее не согласен,3 — нейтрально,4 — скорее согласен,3 — нейтрально,4 — скорее согласен
200,20,Женский,1–6 месяцев,"Да, бакалавриат",Работаю на себя,10 000 ₽—50 000 ₽,Москва,3 и более,Употребляю 1 раз в месяц и реже,Курю ежедневно,1 раз в месяц и реже,Амбивертам,2 — скорее не согласен,1 — абсолютно не согласен,2 — скорее не согласен,4 — скорее согласен,4 — скорее согласен,4 — скорее согласен,4 — скорее согласен,5 — абсолютно согласен,3 — нейтрально,4 — скорее согласен,2 — скорее не согласен,2 — скорее не согласен,4 — скорее согласен
201,28,Женский,Менее месяца,Нет,Работаю в частной компании либо государственной организации,100 000—200 000 ₽,Другое,3 и более,Употребляю 1 раз в месяц и реже,Курю ежедневно,Вообще не хожу,Интровертам,2 — скорее не согласен,2 — скорее не согласен,2 — скорее не согласен,2 — скорее не согласен,2 — скорее не согласен,2 — скорее не согласен,4 — скорее согласен,3 — нейтрально,1 — абсолютно не согласен,2 — скорее не согласен,3 — нейтрально,2 — скорее не согласен,2 — скорее не согласен
202,21,Мужской,Не пользовался никогда,"Да, бакалавриат",Работаю на себя,10 000 ₽—50 000 ₽,Москва,3 и более,Употребляю несколько раз в месяц,Не курю,1 раз в месяц и реже,Амбивертам,,,,,,,,,,,,,
203,19,Женский,Не пользовался никогда,"Да, бакалавриат",Работаю на себя,10 000 ₽—50 000 ₽,Москва,1–2,Употребляю несколько раз в месяц,Курю иногда,1 раз в месяц и реже,Интровертам,,,,,,,,,,,,,
204,23,Женский,Не пользовался никогда,"Да, бакалавриат",Работаю в частной компании либо государственной организации,Более 200 000 ₽,Другое,3 и более,Употребляю несколько раз в месяц,Курю ежедневно,1 раз в месяц и реже,Амбивертам,,,,,,,,,,,,,
205,20,Мужской,Не пользовался никогда,"Да, бакалавриат",Не работаю,До 10 000 ₽,Москва,0,Употребляю 1 раз в месяц и реже,Не курю,Вообще не хожу,Интровертам,,,,,,,,,,,,,
206,20,Мужской,Не пользовался никогда,"Да, бакалавриат",Работаю в частной компании либо государственной организации,Более 200 000 ₽,Москва,3 и более,Употребляю 3+ раз в неделю,Курю ежедневно,1 раз в месяц и реже,Интровертам,,,,,,,,,,,,,
207,20,Мужской,Не пользовался никогда,"Да, бакалавриат",Не работаю,До 10 000 ₽,Москва,0,Употребляю 1–2 раза в неделю,Не курю,Вообще не хожу,Интровертам,,,,,,,,,,,,,
208,19,Женский,Менее месяца,"Да, бакалавриат",Работаю в частной компании либо государственной организации,10 000 ₽—50 000 ₽,Москва,1–2,Употребляю 1 раз в месяц и реже,Не курю,Вообще не хожу,Интровертам,5 — абсолютно согласен,4 — скорее согласен,5 — абсолютно согласен,3 — нейтрально,3 — нейтрально,3 — нейтрально,4 — скорее согласен,4 — скорее согласен,4 — скорее согласен,4 — скорее согласен,4 — скорее согласен,3 — нейтрально,4 — скорее согласен
209,21,Мужской,1–6 месяцев,"Да, бакалавриат",Работаю в частной компании либо государственной организации,100 000—200 000 ₽,Москва,1–2,Употребляю 1 раз в месяц и реже,Не курю,Вообще не хожу,Амбивертам,5 — абсолютно согласен,5 — абсолютно согласен,5 — абсолютно согласен,5 — абсолютно согласен,5 — абсолютно согласен,5 — абсолютно согласен,5 — абсолютно согласен,5 — абсолютно согласен,1 — абсолютно не согласен,5 — абсолютно согласен,5 — абсолютно согласен,1 — абсолютно не согласен,5 — абсолютно согласен
210,20,Женский,Менее месяца,"Да, бакалавриат",Работаю на себя,До 10 000 ₽,Москва,1–2,Употребляю 1 раз в месяц и реже,Не курю,1 раз в месяц и реже,Амбивертам,4 — скорее согласен,4 — скорее согласен,4 — скорее согласен,1 — абсолютно не согласен,2 — скорее не согласен,2 — скорее не согласен,2 — скорее не согласен,5 — абсолютно согласен,5 — абсолютно согласен,4 — скорее согласен,2 — скорее не согласен,2 — скорее не согласен,2 — скорее не согласен
211,19,Женский,Не пользовался никогда,"Да, бакалавриат",Не работаю,50 000—100 000 ₽,Москва,1–2,Употребляю несколько раз в месяц,Курю ежедневно,Несколько раз в месяц,Амбивертам,,,,,,,,,,,,,
212,21,Женский,1–6 месяцев,"Да, магистратура / иное",Работаю в частной компании либо государственной организации,50 000—100 000 ₽,Москва,3 и более,Употребляю несколько раз в месяц,Курю ежедневно,Вообще не хожу,Интровертам,3 — нейтрально,2 — скорее не согласен,4 — скорее согласен,2 — скорее не согласен,4 — скорее согласен,4 — скорее согласен,2 — скорее не согласен,5 — абсолютно согласен,2 — скорее не согласен,5 — абсолютно согласен,5 — абсолютно согласен,3 — нейтрально,4 — скорее согласен
213,19,Женский,6–12 месяцев,"Да, бакалавриат",Работаю в частной компании либо государственной организации,100 000—200 000 ₽,Москва,3 и более,Употребляю несколько раз в месяц,Курю иногда,Несколько раз в месяц,Амбивертам,3 — нейтрально,2 — скорее не согласен,2 — скорее не согласен,1 — абсолютно не согласен,1 — абсолютно не согласен,1 — абсолютно не согласен,2 — скорее не согласен,1 — абсолютно не согласен,4 — скорее согласен,1 — абсолютно не согласен,4 — скорее согласен,3 — нейтрально,3 — нейтрально
214,20,Женский,Не пользовался никогда,"Да, бакалавриат",Не работаю,До 10 000 ₽,Москва,1–2,Употребляю несколько раз в месяц,Курю иногда,1 раз в месяц и реже,Экстравертам,,,,,,,,,,,,,
215,22,Женский,Более года,"Да, бакалавриат",Не работаю,50 000—100 000 ₽,Москва,1–2,Употребляю 1–2 раза в неделю,Курю ежедневно,Несколько раз в месяц,Интровертам,3 — нейтрально,2 — скорее не согласен,4 — скорее согласен,4 — скорее согласен,5 — абсолютно согласен,5 — абсолютно согласен,2 — скорее не согласен,5 — абсолютно согласен,2 — скорее не согласен,4 — скорее согласен,4 — скорее согласен,2 — скорее не согласен,4 — скорее согласен
216,19,Женский,6–12 месяцев,"Да, бакалавриат",Работаю в частной компании либо государственной организации,10 000 ₽—50 000 ₽,Москва,0,Употребляю 1–2 раза в неделю,Не курю,1 раз в месяц и реже,Амбивертам,2 — скорее не согласен,2 — скорее не согласен,3 — нейтрально,2 — скорее не согласен,3 — нейтрально,5 — абсолютно согласен,5 — абсолютно согласен,5 — абсолютно согласен,2 — скорее не согласен,5 — абсолютно согласен,3 — нейтрально,2 — скорее не согласен,5 — абсолютно согласен
217,19,Женский,Менее месяца,"Да, бакалавриат",Не работаю,50 000—100 000 ₽,Москва,1–2,Употребляю 1–2 раза в неделю,Курю ежедневно,1–2 раза в неделю,Экстравертам,2 — скорее не согласен,2 — скорее не согласен,4 — скорее согласен,4 — скорее согласен,4 — скорее согласен,5 — абсолютно согласен,5 — абсолютно согласен,5 — абсолютно согласен,2 — скорее не согласен,5 — абсолютно согласен,4 — скорее согласен,4 — скорее согласен,4 — скорее согласен
218,20,Женский,Не пользовался никогда,"Да, бакалавриат",Не работаю,50 000—100 000 ₽,Москва,0,Не употребляю,Не курю,Вообще не хожу,Амбивертам,,,,,,,,,,,,,
219,20,Мужской,6–12 месяцев,"Да, бакалавриат",Работаю в частной компании либо государственной организации,50 000—100 000 ₽,Москва,3 и более,Употребляю 1–2 раза в неделю,Бросаю / бросил,Несколько раз в месяц,Экстравертам,2 — скорее не согласен,1 — абсолютно не согласен,4 — скорее согласен,4 — скорее согласен,2 — скорее не согласен,4 — скорее согласен,2 — скорее не согласен,5 — абсолютно согласен,1 — абсолютно не согласен,4 — скорее согласен,5 — абсолютно согласен,1 — абсолютно не согласен,4 — скорее согласен
220,19,Женский,1–6 месяцев,"Да, бакалавриат",Не работаю,До 10 000 ₽,Москва,1–2,Употребляю 1 раз в месяц и реже,Не курю,1 раз в месяц и реже,Экстравертам,2 — скорее не согласен,2 — скорее не согласен,4 — скорее согласен,3 — нейтрально,4 — скорее согласен,4 — скорее согласен,4 — скорее согласен,4 — скорее согласен,3 — нейтрально,5 — абсолютно согласен,3 — нейтрально,3 — нейтрально,5 — абсолютно согласен
221,19,Женский,1–6 месяцев,"Да, бакалавриат",Не работаю,До 10 000 ₽,Москва,1–2,Употребляю несколько раз в месяц,Курю ежедневно,Вообще не хожу,Амбивертам,4 — скорее согласен,3 — нейтрально,4 — скорее согласен,2 — скорее не согласен,5 — абсолютно согласен,5 — абсолютно согласен,4 — скорее согласен,5 — абсолютно согласен,2 — скорее не согласен,5 — абсолютно согласен,3 — нейтрально,1 — абсолютно не согласен,4 — скорее согласен
222,23,Мужской,1–6 месяцев,"Да, магистратура / иное",Работаю в частной компании либо государственной организации,10 000 ₽—50 000 ₽,Москва,0,Не употребляю,Не курю,Вообще не хожу,Интровертам,5 — абсолютно согласен,5 — абсолютно согласен,5 — абсолютно согласен,4 — скорее согласен,5 — абсолютно согласен,5 — абсолютно согласен,5 — абсолютно согласен,5 — абсолютно согласен,5 — абсолютно согласен,3 — нейтрально,5 — абсолютно согласен,3 — нейтрально,4 — скорее согласен
223,26,Мужской,1–6 месяцев,Нет,Работаю в частной компании либо государственной организации,100 000—200 000 ₽,Другое,3 и более,Употребляю 1–2 раза в неделю,Не курю,1 раз в месяц и реже,Экстравертам,4 — скорее согласен,5 — абсолютно согласен,5 — абсолютно согласен,2 — скорее не согласен,2 — скорее не согласен,2 — скорее не согласен,4 — скорее согласен,4 — скорее согласен,3 — нейтрально,3 — нейтрально,3 — нейтрально,4 — скорее согласен,2 — скорее не согласен
224,25,Мужской,Более года,"Да, магистратура / иное",Работаю в частной компании либо государственной организации,100 000—200 000 ₽,Другое,3 и более,Употребляю несколько раз в месяц,Не курю,1 раз в месяц и реже,Амбивертам,4 — скорее согласен,4 — скорее согласен,4 — скорее согласен,4 — скорее согласен,4 — скорее согласен,4 — скорее согласен,4 — скорее согласен,4 — скорее согласен,1 — абсолютно не согласен,5 — абсолютно согласен,5 — абсолютно согласен,1 — абсолютно не согласен,4 — скорее согласен
225,29,Женский,1–6 месяцев,Нет,Не работаю,50 000—100 000 ₽,Москва,1–2,Употребляю 1 раз в месяц и реже,Не курю,Вообще не хожу,Интровертам,3 — нейтрально,2 — скорее не согласен,4 — скорее согласен,2 — скорее не согласен,2 — скорее не согласен,4 — скорее согласен,2 — скорее не согласен,4 — скорее согласен,3 — нейтрально,4 — скорее согласен,5 — абсолютно согласен,2 — скорее не согласен,4 — скорее согласен
226,24,Мужской,Менее месяца,Нет,Работаю в частной компании либо государственной организации,Более 200 000 ₽,Москва,1–2,Употребляю 1 раз в месяц и реже,Курю ежедневно,1 раз в месяц и реже,Амбивертам,3 — нейтрально,2 — скорее не согласен,4 — скорее согласен,4 — скорее согласен,5 — абсолютно согласен,3 — нейтрально,4 — скорее согласен,4 — скорее согласен,2 — скорее не согласен,5 — абсолютно согласен,3 — нейтрально,2 — скорее не согласен,4 — скорее согласен
227,22,Мужской,Более года,"Да, магистратура / иное",Работаю в частной компании либо государственной организации,50 000—100 000 ₽,Москва,1–2,Не употребляю,Не курю,Вообще не хожу,Интровертам,4 — скорее согласен,3 — нейтрально,4 — скорее согласен,4 — скорее согласен,5 — абсолютно согласен,5 — абсолютно согласен,4 — скорее согласен,4 — скорее согласен,2 — скорее не согласен,4 — скорее согласен,4 — скорее согласен,3 — нейтрально,5 — абсолютно согласен
228,19,Женский,Не пользовался никогда,"Да, магистратура / иное",Не работаю,10 000 ₽—50 000 ₽,Москва,0,Употребляю несколько раз в месяц,Бросаю / бросил,1 раз в месяц и реже,Интровертам,,,,,,,,,,,,,
229,22,Мужской,Менее месяца,"Да, бакалавриат",Не работаю,10 000 ₽—50 000 ₽,Другое,0,Употребляю 1 раз в месяц и реже,Не курю,Вообще не хожу,Интровертам,4 — скорее согласен,2 — скорее не согласен,3 — нейтрально,4 — скорее согласен,4 — скорее согласен,3 — нейтрально,4 — скорее согласен,3 — нейтрально,2 — скорее не согласен,5 — абсолютно согласен,5 — абсолютно согласен,1 — абсолютно не согласен,5 — абсолютно согласен
230,21,Мужской,1–6 месяцев,"Да, бакалавриат",Работаю в частной компании либо государственной организации,10 000 ₽—50 000 ₽,Другое,3 и более,Употребляю 1 раз в месяц и реже,Курю ежедневно,Вообще не хожу,Экстравертам,3 — нейтрально,5 — абсолютно согласен,3 — нейтрально,2 — скорее не согласен,4 — скорее согласен,3 — нейтрально,3 — нейтрально,4 — скорее согласен,3 — нейтрально,3 — нейтрально,2 — скорее не согласен,4 — скорее согласен,1 — абсолютно не согласен
231,20,Женский,Более года,"Да, бакалавриат",Работаю в частной компании либо государственной организации,50 000—100 000 ₽,Москва,3 и более,Употребляю несколько раз в месяц,Курю ежедневно,1 раз в месяц и реже,Амбивертам,3 — нейтрально,2 — скорее не согласен,4 — скорее согласен,4 — скорее согласен,4 — скорее согласен,3 — нейтрально,4 — скорее согласен,4 — скорее согласен,2 — скорее не согласен,4 — скорее согласен,4 — скорее согласен,3 — нейтрально,3 — нейтрально
232,22,Женский,Менее месяца,"Да, магистратура / иное",Работаю на себя,100 000—200 000 ₽,Москва,0,Употребляю 1 раз в месяц и реже,Курю иногда,Вообще не хожу,Интровертам,4 — скорее согласен,2 — скорее не согласен,3 — нейтрально,1 — абсолютно не согласен,1 — абсолютно не согласен,1 — абсолютно не согласен,5 — абсолютно согласен,5 — абсолютно согласен,1 — абсолютно не согласен,3 — нейтрально,4 — скорее согласен,4 — скорее согласен,4 — скорее согласен
233,19,Женский,Не пользовался никогда,"Да, бакалавриат",Работаю в частной компании либо государственной организации,100 000—200 000 ₽,Москва,1–2,Не употребляю,Курю ежедневно,Вообще не хожу,Амбивертам,,,,,,,,,,,,,
234,20,Женский,Не пользовался никогда,"Да, бакалавриат",Не работаю,До 10 000 ₽,Другое,3 и более,Употребляю 1 раз в месяц и реже,Курю иногда,Вообще не хожу,Интровертам,,,,,,,,,,,,,
235,22,Женский,1–6 месяцев,"Да, бакалавриат",Работаю в частной компании либо государственной организации,100 000—200 000 ₽,Другое,3 и более,Употребляю 1 раз в месяц и реже,Не курю,1 раз в месяц и реже,Амбивертам,1 — абсолютно не согласен,1 — абсолютно не согласен,2 — скорее не согласен,2 — скорее не согласен,4 — скорее согласен,4 — скорее согласен,3 — нейтрально,5 — абсолютно согласен,2 — скорее не согласен,4 — скорее согласен,2 — скорее не согласен,1 — абсолютно не согласен,4 — скорее согласен
236,20,Женский,1–6 месяцев,"Да, бакалавриат",Не работаю,До 10 000 ₽,Другое,1–2,Не употребляю,Не курю,Вообще не хожу,Интровертам,1 — абсолютно не согласен,1 — абсолютно не согласен,1 — абсолютно не согласен,1 — абсолютно не согласен,4 — скорее согласен,3 — нейтрально,4 — скорее согласен,4 — скорее согласен,2 — скорее не согласен,3 — нейтрально,3 — нейтрально,5 — абсолютно согласен,2 — скорее не согласен
237,20,Женский,Не пользовался никогда,"Да, магистратура / иное",Не работаю,10 000 ₽—50 000 ₽,Москва,1–2,Не употребляю,Не курю,1 раз в месяц и реже,Экстравертам,,,,,,,,,,,,,
238,21,Мужской,Не пользовался никогда,"Да, бакалавриат",Не работаю,До 10 000 ₽,Другое,0,Не употребляю,Не курю,Вообще не хожу,Интровертам,,,,,,,,,,,,,
239,20,Женский,1–6 месяцев,"Да, бакалавриат",Не работаю,10 000 ₽—50 000 ₽,Москва,3 и более,Употребляю 1 раз в месяц и реже,Не курю,1 раз в месяц и реже,Амбивертам,3 — нейтрально,2 — скорее не согласен,4 — скорее согласен,2 — скорее не согласен,4 — скорее согласен,3 — нейтрально,4 — скорее согласен,5 — абсолютно согласен,3 — нейтрально,4 — скорее согласен,4 — скорее согласен,3 — нейтрально,3 — нейтрально
240,22,Женский,Не пользовался никогда,"Да, магистратура / иное",Не работаю,До 10 000 ₽,Москва,3 и более,Употребляю несколько раз в месяц,Курю ежедневно,Вообще не хожу,Экстравертам,,,,,,,,,,,,,
241,19,Мужской,Менее месяца,"Да, бакалавриат",Работаю в частной компании либо государственной организации,100 000—200 000 ₽,Москва,3 и более,Употребляю 1 раз в месяц и реже,Не курю,Вообще не хожу,Экстравертам,3 — нейтрально,2 — скорее не согласен,5 — абсолютно согласен,2 — скорее не согласен,3 — нейтрально,5 — абсолютно согласен,4 — скорее согласен,3 — нейтрально,4 — скорее согласен,2 — скорее не согласен,4 — скорее согласен,4 — скорее согласен,3 — нейтрально
242,20,Женский,Не пользовался никогда,"Да, бакалавриат",Не работаю,До 10 000 ₽,Москва,0,Употребляю 1 раз в месяц и реже,Не курю,1 раз в месяц и реже,Интровертам,,,,,,,,,,,,,
243,36,Женский,1–6 месяцев,Нет,Работаю в частной компании либо государственной организации,10 000 ₽—50 000 ₽,Другое,1–2,Не употребляю,Не курю,Несколько раз в месяц,Амбивертам,3 — нейтрально,2 — скорее не согласен,3 — нейтрально,2 — скорее не согласен,5 — абсолютно согласен,2 — скорее не согласен,4 — скорее согласен,3 — нейтрально,2 — скорее не согласен,2 — скорее не согласен,4 — скорее согласен,3 — нейтрально,2 — скорее не согласен
244,20,Женский,1–6 месяцев,"Да, бакалавриат",Не работаю,До 10 000 ₽,Москва,1–2,Не употребляю,Не курю,Вообще не хожу,Экстравертам,2 — скорее не согласен,5 — абсолютно согласен,4 — скорее согласен,1 — абсолютно не согласен,1 — абсолютно не согласен,5 — абсолютно согласен,2 — скорее не согласен,4 — скорее согласен,5 — абсолютно согласен,1 — абсолютно не согласен,1 — абсолютно не согласен,1 — абсолютно не согласен,5 — абсолютно согласен
245,20,Женский,Не пользовался никогда,"Да, бакалавриат",Не работаю,До 10 000 ₽,Москва,0,Употребляю 1 раз в месяц и реже,Не курю,Вообще не хожу,Амбивертам,,,,,,,,,,,,,
246,19,Женский,Не пользовался никогда,"Да, бакалавриат",Работаю в частной компании либо государственной организации,10 000 ₽—50 000 ₽,Другое,1–2,Употребляю несколько раз в месяц,Курю ежедневно,Несколько раз в месяц,Интровертам,,,,,,,,,,,,,
247,19,Мужской,Не пользовался никогда,"Да, бакалавриат",Не работаю,До 10 000 ₽,Москва,1–2,Употребляю 1 раз в месяц и реже,Не курю,1 раз в месяц и реже,Интровертам,,,,,,,,,,,,,
248,34,Мужской,Более года,Нет,Работаю в частной компании либо государственной организации,100 000—200 000 ₽,Другое,3 и более,Употребляю 1 раз в месяц и реже,Бросаю / бросил,1 раз в месяц и реже,Экстравертам,5 — абсолютно согласен,5 — абсолютно согласен,5 — абсолютно согласен,3 — нейтрально,5 — абсолютно согласен,5 — абсолютно согласен,3 — нейтрально,5 — абсолютно согласен,1 — абсолютно не согласен,3 — нейтрально,5 — абсолютно согласен,1 — абсолютно не согласен,5 — абсолютно согласен
249,23,Мужской,Не пользовался никогда,"Да, бакалавриат",Работаю в частной компании либо государственной организации,Более 200 000 ₽,Москва,1–2,Употребляю 1 раз в месяц и реже,Не курю,1 раз в месяц и реже,Интровертам,,,,,,,,,,,,,
250,21,Женский,6–12 месяцев,"Да, бакалавриат",Не работаю,10 000 ₽—50 000 ₽,Москва,1–2,Употребляю 1 раз в месяц и реже,Курю иногда,1 раз в месяц и реже,Экстравертам,2 — скорее не согласен,2 — скорее не согласен,5 — абсолютно согласен,1 — абсолютно не согласен,3 — нейтрально,3 — нейтрально,4 — скорее согласен,2 — скорее не согласен,1 — абсолютно не согласен,1 — абсолютно не согласен,2 — скорее не согласен,4 — скорее согласен,4 — скорее согласен
251,20,Женский,1–6 месяцев,"Да, бакалавриат",Работаю в частной компании либо государственной организации,10 000 ₽—50 000 ₽,Другое,3 и более,Употребляю 1–2 раза в неделю,Курю ежедневно,1 раз в месяц и реже,Экстравертам,5 — абсолютно согласен,3 — нейтрально,2 — скорее не согласен,3 — нейтрально,4 — скорее согласен,3 — нейтрально,5 — абсолютно согласен,5 — абсолютно согласен,2 — скорее не согласен,5 — абсолютно согласен,2 — скорее не согласен,3 — нейтрально,4 — скорее согласен
252,17,Мужской,Не пользовался никогда,"Да, бакалавриат",Не работаю,До 10 000 ₽,Москва,0,Не употребляю,Не курю,Вообще не хожу,Амбивертам,,,,,,,,,,,,,
253,22,Мужской,Не пользовался никогда,"Да, магистратура / иное",Не работаю,До 10 000 ₽,Москва,1–2,Употребляю 1 раз в месяц и реже,Курю иногда,Вообще не хожу,Интровертам,,,,,,,,,,,,,
254,30,Женский,Более года,Нет,Работаю в частной компании либо государственной организации,Более 200 000 ₽,Другое,1–2,Не употребляю,Не курю,1 раз в месяц и реже,Амбивертам,3 — нейтрально,1 — абсолютно не согласен,2 — скорее не согласен,3 — нейтрально,5 — абсолютно согласен,2 — скорее не согласен,3 — нейтрально,4 — скорее согласен,4 — скорее согласен,1 — абсолютно не согласен,3 — нейтрально,3 — нейтрально,5 — абсолютно согласен
255,19,Мужской,Не пользовался никогда,"Да, бакалавриат",Работаю на себя,100 000—200 000 ₽,Москва,1–2,Употребляю 1–2 раза в неделю,Курю ежедневно,Вообще не хожу,Предпочитаю не указывать,,,,,,,,,,,,,
256,21,Женский,Менее месяца,Нет,Работаю в частной компании либо государственной организации,10 000 ₽—50 000 ₽,Москва,3 и более,Употребляю несколько раз в месяц,Бросаю / бросил,1 раз в месяц и реже,Экстравертам,3 — нейтрально,3 — нейтрально,2 — скорее не согласен,1 — абсолютно не согласен,5 — абсолютно согласен,4 — скорее согласен,5 — абсолютно согласен,2 — скорее не согласен,4 — скорее согласен,4 — скорее согласен,4 — скорее согласен,3 — нейтрально,3 — нейтрально
257,19,Мужской,Более года,"Да, бакалавриат",Работаю на себя,10 000 ₽—50 000 ₽,Москва,1–2,Употребляю 1 раз в месяц и реже,Не курю,1 раз в месяц и реже,Интровертам,5 — абсолютно согласен,5 — абсолютно согласен,3 — нейтрально,5 — абсолютно согласен,5 — абсолютно согласен,5 — абсолютно согласен,2 — скорее не согласен,1 — абсолютно не согласен,4 — скорее согласен,1 — абсолютно не согласен,1 — абсолютно не согласен,4 — скорее согласен,1 — абсолютно не согласен
258,20,Мужской,Не пользовался никогда,"Да, бакалавриат",Работаю на себя,Более 200 000 ₽,Москва,3 и более,Употребляю 3+ раз в неделю,Курю ежедневно,3+ раза в неделю,Амбивертам,,,,,,,,,,,,,
259,18,Женский,Не пользовался никогда,"Да, бакалавриат",Не работаю,10 000 ₽—50 000 ₽,Москва,0,Не употребляю,Не курю,Вообще не хожу,Интровертам,,,,,,,,,,,,,
